Census Tract,Year,Education Total,No Formal Education,Elementary School,Middle School,High School,Some college/no degree,Bachelor's degree,Graduate Degree
"Census Tract 1, Multnomah County, Oregon",2019,"5,117",0,0,1,501,1122,"1,894",1599
"Census Tract 2, Multnomah County, Oregon",2019,"4,855",75,16,1,581,1494,"1,732",956
"Census Tract 3.01, Multnomah County, Oregon",2019,"3,573",17,0,42,686,906,"1,038",884
"Census Tract 3.02, Multnomah County, Oregon",2019,"5,284",0,0,0,408,924,"1,872",2080
"Census Tract 4.01, Multnomah County, Oregon",2019,"2,904",6,10,13,454,692,942,787
"Census Tract 4.02, Multnomah County, Oregon",2019,"2,668",29,0,0,592,769,858,420
"Census Tract 5.01, Multnomah County, Oregon",2019,"3,221",39,14,58,731,963,907,509
"Census Tract 5.02, Multnomah County, Oregon",2019,"3,689",180,30,53,776,1199,993,458
"Census Tract 6.01, Multnomah County, Oregon",2019,"4,070",146,111,123,1324,1354,742,270
"Census Tract 6.02, Multnomah County, Oregon",2019,"4,369",124,114,249,1576,1120,872,314
"Census Tract 7.01, Multnomah County, Oregon",2019,"3,451",55,39,52,468,1102,"1,171",564
"Census Tract 7.02, Multnomah County, Oregon",2019,"4,254",129,22,40,866,1259,"1,158",780
"Census Tract 8.01, Multnomah County, Oregon",2019,"3,984",92,0,12,514,1136,"1,265",965
"Census Tract 8.02, Multnomah County, Oregon",2019,"3,852",26,0,116,620,1195,"1,258",637
"Census Tract 9.01, Multnomah County, Oregon",2019,"3,743",18,0,25,262,684,"1,586",1168
"Census Tract 9.02, Multnomah County, Oregon",2019,"3,624",30,32,64,631,1100,"1,157",610
"Census Tract 10, Multnomah County, Oregon",2019,"4,880",41,0,39,616,1268,"1,658",1258
"Census Tract 11.01, Multnomah County, Oregon",2019,"2,461",18,0,17,424,729,830,443
"Census Tract 11.02, Multnomah County, Oregon",2019,"1,164",0,0,0,85,300,470,309
"Census Tract 12.01, Multnomah County, Oregon",2019,"4,339",25,0,8,438,1181,"1,740",947
"Census Tract 12.02, Multnomah County, Oregon",2019,"2,882",0,10,0,217,539,"1,137",979
"Census Tract 13.01, Multnomah County, Oregon",2019,"3,360",34,5,5,260,790,"1,378",888
"Census Tract 13.02, Multnomah County, Oregon",2019,"2,724",24,0,0,167,514,"1,150",869
"Census Tract 14, Multnomah County, Oregon",2019,"4,710",48,0,40,487,1268,"1,682",1185
"Census Tract 15, Multnomah County, Oregon",2019,"2,602",5,0,0,169,722,810,896
"Census Tract 16.01, Multnomah County, Oregon",2019,"5,021",21,6,80,987,1383,"1,580",964
"Census Tract 16.02, Multnomah County, Oregon",2019,"3,419",28,46,11,866,1153,927,388
"Census Tract 17.01, Multnomah County, Oregon",2019,"5,160",91,14,19,858,1517,"1,663",998
"Census Tract 17.02, Multnomah County, Oregon",2019,"3,039",98,1,136,672,1122,680,330
"Census Tract 18.01, Multnomah County, Oregon",2019,"3,719",63,44,37,754,1084,"1,101",636
"Census Tract 18.02, Multnomah County, Oregon",2019,"3,099",0,0,0,384,906,"1,130",679
"Census Tract 19, Multnomah County, Oregon",2019,"3,650",0,11,6,303,554,"1,478",1298
"Census Tract 20, Multnomah County, Oregon",2019,"5,658",17,2,0,446,1209,"2,603",1381
"Census Tract 21, Multnomah County, Oregon",2019,"2,441",0,0,20,341,704,"1,066",310
"Census Tract 22.03, Multnomah County, Oregon",2019,"3,596",29,0,42,471,739,"1,277",1038
"Census Tract 23.03, Multnomah County, Oregon",2019,"2,417",9,0,0,300,715,958,435
"Census Tract 24.01, Multnomah County, Oregon",2019,"2,060",0,0,10,186,414,661,789
"Census Tract 24.02, Multnomah County, Oregon",2019,"2,959",0,0,0,314,680,"1,129",836
"Census Tract 25.01, Multnomah County, Oregon",2019,"3,341",10,6,7,221,375,"1,249",1473
"Census Tract 25.02, Multnomah County, Oregon",2019,"3,939",34,0,14,339,760,"1,843",949
"Census Tract 26, Multnomah County, Oregon",2019,"1,937",0,0,0,45,324,807,761
"Census Tract 27.01, Multnomah County, Oregon",2019,"2,330",0,0,0,151,338,"1,084",757
"Census Tract 27.02, Multnomah County, Oregon",2019,"2,600",22,16,0,451,545,948,618
"Census Tract 28.01, Multnomah County, Oregon",2019,"2,229",29,0,0,248,519,844,589
"Census Tract 28.02, Multnomah County, Oregon",2019,"2,626",3,22,0,326,703,927,645
"Census Tract 29.01, Multnomah County, Oregon",2019,"3,670",93,7,0,737,1017,986,830
"Census Tract 29.02, Multnomah County, Oregon",2019,"4,314",142,0,0,707,1252,"1,418",795
"Census Tract 29.03, Multnomah County, Oregon",2019,"3,897",15,85,16,1204,1263,963,351
"Census Tract 30, Multnomah County, Oregon",2019,"3,826",47,0,17,371,1020,"1,262",1109
"Census Tract 31, Multnomah County, Oregon",2019,"3,945",0,0,9,484,741,"1,512",1199
"Census Tract 32, Multnomah County, Oregon",2019,"3,410",16,0,22,295,524,"1,254",1299
"Census Tract 33.01, Multnomah County, Oregon",2019,"2,523",38,52,0,465,699,777,492
"Census Tract 33.02, Multnomah County, Oregon",2019,"2,642",6,0,49,462,665,752,708
"Census Tract 34.01, Multnomah County, Oregon",2019,"2,700",49,0,3,430,562,893,763
"Census Tract 34.02, Multnomah County, Oregon",2019,"3,350",31,0,29,421,571,"1,494",804
"Census Tract 35.01, Multnomah County, Oregon",2019,"2,812",37,36,0,408,757,"1,078",496
"Census Tract 35.02, Multnomah County, Oregon",2019,"2,161",21,0,0,327,367,902,544
"Census Tract 36.01, Multnomah County, Oregon",2019,"3,846",20,0,0,488,1175,"1,260",903
"Census Tract 36.02, Multnomah County, Oregon",2019,"4,732",121,1,1,540,1408,"1,653",1008
"Census Tract 36.03, Multnomah County, Oregon",2019,"1,342",23,11,0,267,339,435,267
"Census Tract 37.01, Multnomah County, Oregon",2019,"3,598",36,64,194,668,857,"1,248",531
"Census Tract 37.02, Multnomah County, Oregon",2019,"2,070",0,0,0,244,626,776,424
"Census Tract 38.01, Multnomah County, Oregon",2019,"2,542",54,0,9,306,846,807,520
"Census Tract 38.02, Multnomah County, Oregon",2019,"2,636",33,0,40,471,520,947,625
"Census Tract 38.03, Multnomah County, Oregon",2019,"3,474",13,26,53,467,1069,"1,406",440
"Census Tract 39.01, Multnomah County, Oregon",2019,"5,803",42,19,144,1359,1688,"1,739",812
"Census Tract 39.02, Multnomah County, Oregon",2019,"2,829",9,0,13,387,762,"1,002",656
"Census Tract 40.01, Multnomah County, Oregon",2019,"4,747",38,117,111,1580,1359,"1,190",352
"Census Tract 40.02, Multnomah County, Oregon",2019,"3,109",8,11,22,524,696,"1,036",812
"Census Tract 41.01, Multnomah County, Oregon",2019,"5,560",38,164,145,1357,1894,"1,396",566
"Census Tract 41.02, Multnomah County, Oregon",2019,"4,287",100,10,26,938,949,"1,478",786
"Census Tract 42, Multnomah County, Oregon",2019,"2,953",0,0,7,723,716,952,555
"Census Tract 43, Multnomah County, Oregon",2019,799,8,0,0,149,186,239,217
"Census Tract 45, Multnomah County, Oregon",2019,"2,194",0,0,0,137,405,822,830
"Census Tract 46.01, Multnomah County, Oregon",2019,"2,660",25,0,0,179,284,927,1245
"Census Tract 46.02, Multnomah County, Oregon",2019,"1,641",9,4,0,53,171,693,711
"Census Tract 47, Multnomah County, Oregon",2019,"3,911",0,0,16,352,606,"1,577",1360
"Census Tract 48, Multnomah County, Oregon",2019,"2,499",0,0,8,239,471,"1,277",504
"Census Tract 49, Multnomah County, Oregon",2019,"4,298",0,0,4,566,907,"1,800",1021
"Census Tract 50, Multnomah County, Oregon",2019,"3,315",0,0,14,160,463,"1,414",1264
"Census Tract 51, Multnomah County, Oregon",2019,"8,283",0,0,20,1393,1839,"3,378",1653
"Census Tract 52, Multnomah County, Oregon",2019,"3,799",23,21,6,340,1095,"1,553",761
"Census Tract 55, Multnomah County, Oregon",2019,"1,944",45,0,6,297,482,607,507
"Census Tract 56, Multnomah County, Oregon",2019,"3,285",69,0,38,472,1108,753,845
"Census Tract 57, Multnomah County, Oregon",2019,"3,414",43,18,32,221,710,"1,258",1132
"Census Tract 58, Multnomah County, Oregon",2019,"3,669",0,0,1,175,541,"1,257",1695
"Census Tract 59, Multnomah County, Oregon",2019,"7,486",0,39,23,375,1354,"2,900",2795
"Census Tract 60.01, Multnomah County, Oregon",2019,"1,214",0,0,0,62,210,481,461
"Census Tract 60.02, Multnomah County, Oregon",2019,"1,731",0,0,0,166,317,707,541
"Census Tract 61, Multnomah County, Oregon",2019,"1,969",14,0,4,234,254,719,744
"Census Tract 62, Multnomah County, Oregon",2019,"2,414",0,0,1,125,512,"1,011",765
"Census Tract 63, Multnomah County, Oregon",2019,"3,280",27,0,0,220,594,"1,185",1254
"Census Tract 64.02, Multnomah County, Oregon",2019,"4,125",0,0,0,320,525,"1,752",1528
"Census Tract 64.03, Multnomah County, Oregon",2019,"3,004",63,0,72,480,939,"1,036",414
"Census Tract 64.04, Multnomah County, Oregon",2019,"3,058",8,15,0,319,786,"1,126",804
"Census Tract 65.01, Multnomah County, Oregon",2019,"4,585",0,0,22,534,966,"1,620",1443
"Census Tract 65.02, Multnomah County, Oregon",2019,"3,407",0,0,1,460,788,"1,082",1076
"Census Tract 66.01, Multnomah County, Oregon",2019,"1,993",0,4,0,150,437,764,638
"Census Tract 66.02, Multnomah County, Oregon",2019,"4,234",0,0,66,436,896,"1,714",1122
"Census Tract 67.01, Multnomah County, Oregon",2019,"2,428",8,0,0,321,543,"1,028",528
"Census Tract 67.02, Multnomah County, Oregon",2019,"2,581",39,0,73,266,580,909,714
"Census Tract 68.01, Multnomah County, Oregon",2019,"1,757",0,0,10,243,316,547,641
"Census Tract 68.02, Multnomah County, Oregon",2019,"2,595",41,0,6,172,529,705,1142
"Census Tract 69, Multnomah County, Oregon",2019,"2,060",0,0,0,116,371,793,780
"Census Tract 70, Multnomah County, Oregon",2019,"5,850",0,0,0,259,929,"2,082",2580
"Census Tract 71, Multnomah County, Oregon",2019,"2,051",0,21,0,404,715,645,266
"Census Tract 72.01, Multnomah County, Oregon",2019,"2,105",29,21,8,574,783,370,320
"Census Tract 72.02, Multnomah County, Oregon",2019,"2,510",80,0,21,637,876,657,239
"Census Tract 73, Multnomah County, Oregon",2019,"1,057",0,3,93,520,385,41,15
"Census Tract 74, Multnomah County, Oregon",2019,"2,493",92,0,53,637,768,608,335
"Census Tract 75, Multnomah County, Oregon",2019,"3,888",53,8,23,820,1148,"1,239",597
"Census Tract 76, Multnomah County, Oregon",2019,"2,339",35,13,260,656,746,394,235
"Census Tract 77, Multnomah County, Oregon",2019,"1,561",31,35,42,517,465,299,172
"Census Tract 78, Multnomah County, Oregon",2019,"1,672",107,0,0,520,536,322,187
"Census Tract 79, Multnomah County, Oregon",2019,"3,071",148,0,48,913,1102,635,225
"Census Tract 80.01, Multnomah County, Oregon",2019,"2,345",52,0,14,648,955,428,248
"Census Tract 80.02, Multnomah County, Oregon",2019,"2,184",97,17,70,717,729,382,172
"Census Tract 81, Multnomah County, Oregon",2019,"5,850",122,28,83,2135,1718,"1,218",546
"Census Tract 82.01, Multnomah County, Oregon",2019,"2,298",42,14,56,574,753,562,297
"Census Tract 82.02, Multnomah County, Oregon",2019,"6,160",101,107,317,2346,1915,813,561
"Census Tract 83.01, Multnomah County, Oregon",2019,"3,187",273,50,141,1116,962,556,89
"Census Tract 83.02, Multnomah County, Oregon",2019,"3,481",51,166,84,1347,1102,490,241
"Census Tract 84, Multnomah County, Oregon",2019,"3,089",131,73,154,1205,1068,312,146
"Census Tract 85, Multnomah County, Oregon",2019,"3,183",129,51,13,1204,1096,488,202
"Census Tract 86, Multnomah County, Oregon",2019,"3,058",86,39,86,1057,1123,468,199
"Census Tract 87, Multnomah County, Oregon",2019,"3,800",52,87,52,1162,990,972,485
"Census Tract 88, Multnomah County, Oregon",2019,"3,224",0,52,60,923,1105,716,368
"Census Tract 89.01, Multnomah County, Oregon",2019,"7,330",197,81,215,2210,2576,"1,257",794
"Census Tract 89.02, Multnomah County, Oregon",2019,"2,825",43,83,19,877,1013,570,220
"Census Tract 90, Multnomah County, Oregon",2019,"7,185",162,192,359,2826,2572,608,466
"Census Tract 91.01, Multnomah County, Oregon",2019,"3,991",99,174,162,1844,1229,419,64
"Census Tract 91.02, Multnomah County, Oregon",2019,"4,540",128,52,88,1883,1589,498,302
"Census Tract 92.01, Multnomah County, Oregon",2019,"5,622",100,209,86,2289,2081,743,114
"Census Tract 92.02, Multnomah County, Oregon",2019,"3,520",205,93,205,1184,1144,474,215
"Census Tract 93.01, Multnomah County, Oregon",2019,"4,529",61,38,168,1612,1686,634,330
"Census Tract 93.02, Multnomah County, Oregon",2019,"3,134",55,0,55,1051,1132,559,282
"Census Tract 94, Multnomah County, Oregon",2019,"5,325",98,21,132,1726,1842,"1,043",463
"Census Tract 95.01, Multnomah County, Oregon",2019,"3,318",54,0,79,1201,1167,534,283
"Census Tract 95.02, Multnomah County, Oregon",2019,"2,827",28,11,14,780,951,672,371
"Census Tract 96.03, Multnomah County, Oregon",2019,"2,452",46,34,27,960,1068,277,40
"Census Tract 96.04, Multnomah County, Oregon",2019,"3,282",322,180,118,1025,1237,268,132
"Census Tract 96.05, Multnomah County, Oregon",2019,"4,000",34,2,324,1278,1343,722,297
"Census Tract 96.06, Multnomah County, Oregon",2019,"3,651",67,88,335,1305,1393,272,191
"Census Tract 97.01, Multnomah County, Oregon",2019,"3,941",43,68,154,1525,1690,302,159
"Census Tract 97.02, Multnomah County, Oregon",2019,"5,208",67,76,388,2341,1754,431,151
"Census Tract 98.01, Multnomah County, Oregon",2019,"2,730",44,125,129,1336,779,207,110
"Census Tract 98.03, Multnomah County, Oregon",2019,"5,393",249,50,184,1794,2039,734,343
"Census Tract 98.04, Multnomah County, Oregon",2019,"2,292",69,15,83,821,841,389,74
"Census Tract 99.03, Multnomah County, Oregon",2019,"4,672",163,0,69,930,1815,"1,030",665
"Census Tract 99.04, Multnomah County, Oregon",2019,"2,511",6,26,49,856,977,435,162
"Census Tract 99.05, Multnomah County, Oregon",2019,"2,360",0,0,10,699,950,504,197
"Census Tract 99.06, Multnomah County, Oregon",2019,"2,700",26,0,46,577,1102,699,250
"Census Tract 99.07, Multnomah County, Oregon",2019,"3,869",89,47,154,1181,1342,632,424
"Census Tract 100.01, Multnomah County, Oregon",2019,"4,051",69,54,157,1396,1412,637,326
"Census Tract 100.02, Multnomah County, Oregon",2019,"3,623",49,0,13,1072,1364,708,417
"Census Tract 101, Multnomah County, Oregon",2019,"6,286",30,119,0,2499,2477,777,384
"Census Tract 102, Multnomah County, Oregon",2019,"4,614",222,101,65,1822,1321,649,434
"Census Tract 103.03, Multnomah County, Oregon",2019,"3,741",0,0,0,1310,1650,543,238
"Census Tract 103.04, Multnomah County, Oregon",2019,"2,691",66,149,208,1034,952,199,83
"Census Tract 103.05, Multnomah County, Oregon",2019,"2,819",35,30,28,867,1185,534,140
"Census Tract 103.06, Multnomah County, Oregon",2019,"3,278",51,0,44,1079,1439,458,207
"Census Tract 104.02, Multnomah County, Oregon",2019,"4,933",117,73,81,1380,1801,"1,081",400
"Census Tract 104.05, Multnomah County, Oregon",2019,"4,094",68,165,113,1260,1567,670,251
"Census Tract 104.07, Multnomah County, Oregon",2019,"3,877",58,0,134,1242,1616,526,301
"Census Tract 104.08, Multnomah County, Oregon",2019,"3,673",30,45,133,1521,1319,327,298
"Census Tract 104.09, Multnomah County, Oregon",2019,"5,438",30,0,156,1508,2128,"1,051",565
"Census Tract 104.10, Multnomah County, Oregon",2019,"2,950",28,27,47,1207,1080,444,117
"Census Tract 104.11, Multnomah County, Oregon",2019,"2,336",44,78,71,1021,812,243,67
"Census Tract 105, Multnomah County, Oregon",2019,"2,801",13,0,15,647,1101,548,477
"Census Tract 106, Multnomah County, Oregon",2019,"2,992",72,28,117,708,1219,438,410
"Census Tract 9800, Multnomah County, Oregon",2019,0,0,0,0,0,0,0,0
"Census Tract 1.01, Multnomah County, Oregon",2020,"2,007",0,0,1,199,384,884,539
"Census Tract 1.02, Multnomah County, Oregon",2020,"2,889",0,0,0,243,535,"1,192",919
"Census Tract 2.01, Multnomah County, Oregon",2020,"2,697",78,0,1,613,862,684,459
"Census Tract 2.02, Multnomah County, Oregon",2020,"2,197",4,16,0,158,726,717,576
"Census Tract 3.01, Multnomah County, Oregon",2020,"3,769",0,0,43,743,942,"1,088",953
"Census Tract 3.02, Multnomah County, Oregon",2020,"5,577",133,0,0,490,1035,"1,869",2050
"Census Tract 4.01, Multnomah County, Oregon",2020,"2,720",7,9,14,405,679,859,747
"Census Tract 4.02, Multnomah County, Oregon",2020,"2,633",10,0,0,628,808,776,411
"Census Tract 5.01, Multnomah County, Oregon",2020,"3,194",21,10,102,669,836,"1,033",523
"Census Tract 5.02, Multnomah County, Oregon",2020,"3,782",213,19,37,704,1301,"1,012",496
"Census Tract 6.01, Multnomah County, Oregon",2020,"3,984",132,23,73,1351,1178,879,348
"Census Tract 6.02, Multnomah County, Oregon",2020,"4,725",145,7,263,1844,1326,843,297
"Census Tract 7.01, Multnomah County, Oregon",2020,"3,741",32,27,47,477,1292,"1,251",615
"Census Tract 7.02, Multnomah County, Oregon",2020,"4,345",142,26,50,1017,1281,"1,075",754
"Census Tract 8.01, Multnomah County, Oregon",2020,"3,991",46,11,16,427,1353,"1,166",972
"Census Tract 8.02, Multnomah County, Oregon",2020,"4,133",0,0,125,723,1227,"1,608",450
"Census Tract 9.01, Multnomah County, Oregon",2020,"3,509",7,0,12,188,852,"1,494",956
"Census Tract 9.02, Multnomah County, Oregon",2020,"4,162",54,28,114,854,1248,"1,227",637
"Census Tract 10, Multnomah County, Oregon",2020,"4,888",56,0,52,571,1428,"1,623",1158
"Census Tract 11.01, Multnomah County, Oregon",2020,"2,631",9,0,2,461,756,962,441
"Census Tract 11.02, Multnomah County, Oregon",2020,"1,197",0,0,0,109,265,503,320
"Census Tract 12.02, Multnomah County, Oregon",2020,"3,000",0,0,0,538,560,987,915
"Census Tract 12.03, Multnomah County, Oregon",2020,"2,234",19,0,9,283,519,"1,009",395
"Census Tract 12.04, Multnomah County, Oregon",2020,"2,246",8,0,0,325,605,885,423
"Census Tract 13.01, Multnomah County, Oregon",2020,"3,365",31,5,4,291,703,"1,504",827
"Census Tract 13.02, Multnomah County, Oregon",2020,"2,946",23,0,0,244,551,"1,107",1021
"Census Tract 14, Multnomah County, Oregon",2020,"4,645",56,0,50,392,1326,"1,842",979
"Census Tract 15, Multnomah County, Oregon",2020,"2,720",4,0,0,188,577,896,1055
"Census Tract 16.01, Multnomah County, Oregon",2020,"4,480",18,6,71,882,1013,"1,525",965
"Census Tract 16.02, Multnomah County, Oregon",2020,"3,872",67,38,5,893,1148,"1,326",395
"Census Tract 17.02, Multnomah County, Oregon",2020,"2,970",74,1,28,459,1152,916,340
"Census Tract 17.03, Multnomah County, Oregon",2020,"3,049",64,0,10,356,909,959,751
"Census Tract 17.04, Multnomah County, Oregon",2020,"2,137",11,0,0,666,455,578,427
"Census Tract 18.01, Multnomah County, Oregon",2020,"3,713",47,28,5,792,851,"1,282",708
"Census Tract 18.02, Multnomah County, Oregon",2020,"2,855",0,0,0,329,916,922,688
"Census Tract 19, Multnomah County, Oregon",2020,"3,805",0,9,6,305,633,"1,625",1227
"Census Tract 20.01, Multnomah County, Oregon",2020,"2,312",13,0,0,365,486,"1,072",376
"Census Tract 20.02, Multnomah County, Oregon",2020,"3,210",5,0,0,360,919,"1,266",660
"Census Tract 21.01, Multnomah County, Oregon",2020,"1,311",0,0,20,157,215,552,367
"Census Tract 21.02, Multnomah County, Oregon",2020,"1,849",0,0,11,114,497,977,250
"Census Tract 22.03, Multnomah County, Oregon",2020,"3,794",11,0,34,546,674,"1,215",1314
"Census Tract 23.03, Multnomah County, Oregon",2020,"3,179",10,0,0,402,908,"1,295",564
"Census Tract 24.01, Multnomah County, Oregon",2020,"2,197",0,0,0,320,352,735,790
"Census Tract 24.02, Multnomah County, Oregon",2020,"2,874",0,0,0,444,511,"1,255",664
"Census Tract 25.01, Multnomah County, Oregon",2020,"3,556",14,7,0,183,376,"1,388",1588
"Census Tract 25.02, Multnomah County, Oregon",2020,"3,560",31,0,14,368,785,"1,360",1002
"Census Tract 26, Multnomah County, Oregon",2020,"2,229",0,0,0,185,359,953,732
"Census Tract 27.01, Multnomah County, Oregon",2020,"2,188",0,0,0,161,442,875,710
"Census Tract 27.02, Multnomah County, Oregon",2020,"2,987",18,16,0,432,495,"1,338",688
"Census Tract 28.01, Multnomah County, Oregon",2020,"2,363",35,0,0,321,582,904,521
"Census Tract 28.02, Multnomah County, Oregon",2020,"2,515",3,25,0,335,620,913,619
"Census Tract 29.01, Multnomah County, Oregon",2020,"4,010",126,13,0,621,1114,"1,464",672
"Census Tract 29.02, Multnomah County, Oregon",2020,"4,698",112,0,0,648,1158,"1,407",1373
"Census Tract 29.03, Multnomah County, Oregon",2020,"3,457",32,76,0,1043,1295,711,300
"Census Tract 30, Multnomah County, Oregon",2020,"4,031",31,0,14,309,1158,"1,441",1078
"Census Tract 31, Multnomah County, Oregon",2020,"4,173",0,12,10,433,1058,"1,494",1166
"Census Tract 32, Multnomah County, Oregon",2020,"3,425",16,0,20,369,520,"1,274",1226
"Census Tract 33.01, Multnomah County, Oregon",2020,"2,366",65,0,0,438,688,681,494
"Census Tract 33.02, Multnomah County, Oregon",2020,"2,820",0,0,0,776,667,724,653
"Census Tract 34.01, Multnomah County, Oregon",2020,"2,764",9,0,4,497,574,963,717
"Census Tract 34.02, Multnomah County, Oregon",2020,"3,761",0,0,30,394,531,"1,956",850
"Census Tract 35.01, Multnomah County, Oregon",2020,"2,786",39,0,0,374,598,"1,235",540
"Census Tract 35.02, Multnomah County, Oregon",2020,"2,413",10,0,0,597,355,"1,002",449
"Census Tract 36.01, Multnomah County, Oregon",2020,"3,701",9,0,0,473,990,"1,388",841
"Census Tract 36.02, Multnomah County, Oregon",2020,"5,223",58,1,42,609,1591,"1,855",1067
"Census Tract 36.03, Multnomah County, Oregon",2020,"1,487",68,18,0,327,303,535,236
"Census Tract 37.01, Multnomah County, Oregon",2020,"3,503",141,57,148,543,918,"1,116",580
"Census Tract 37.02, Multnomah County, Oregon",2020,"2,260",0,0,0,287,555,927,491
"Census Tract 38.01, Multnomah County, Oregon",2020,"2,228",28,0,7,310,668,778,437
"Census Tract 38.02, Multnomah County, Oregon",2020,"2,688",32,0,40,395,735,965,521
"Census Tract 38.03, Multnomah County, Oregon",2020,"3,487",9,40,41,379,846,"1,652",520
"Census Tract 39.02, Multnomah County, Oregon",2020,"2,886",7,0,21,367,763,955,773
"Census Tract 39.03, Multnomah County, Oregon",2020,"2,900",0,0,149,718,686,771,576
"Census Tract 39.04, Multnomah County, Oregon",2020,"3,142",27,22,22,460,967,"1,025",619
"Census Tract 40.02, Multnomah County, Oregon",2020,"2,990",14,0,5,528,655,966,822
"Census Tract 40.03, Multnomah County, Oregon",2020,"5,051",314,124,73,1600,1432,"1,156",352
"Census Tract 41.02, Multnomah County, Oregon",2020,"4,492",59,11,26,1233,847,"1,529",787
"Census Tract 41.03, Multnomah County, Oregon",2020,"3,380",47,47,0,652,1076,"1,178",380
"Census Tract 41.04, Multnomah County, Oregon",2020,"2,204",0,82,64,792,681,433,152
"Census Tract 42, Multnomah County, Oregon",2020,"3,337",0,0,6,705,879,"1,232",515
"Census Tract 43, Multnomah County, Oregon",2020,843,7,0,0,179,130,255,272
"Census Tract 45, Multnomah County, Oregon",2020,"2,403",41,0,0,139,328,884,1011
"Census Tract 46.01, Multnomah County, Oregon",2020,"2,747",23,0,0,167,322,924,1311
"Census Tract 46.02, Multnomah County, Oregon",2020,"1,536",9,2,0,60,163,570,732
"Census Tract 47, Multnomah County, Oregon",2020,"3,745",0,0,16,358,469,"1,737",1165
"Census Tract 48, Multnomah County, Oregon",2020,"2,230",1,0,12,230,526,992,469
"Census Tract 49.01, Multnomah County, Oregon",2020,"2,122",0,0,1,140,330,"1,148",503
"Census Tract 49.02, Multnomah County, Oregon",2020,"1,977",0,0,0,271,512,677,517
"Census Tract 50.01, Multnomah County, Oregon",2020,"2,605",0,0,29,155,268,"1,104",1049
"Census Tract 50.02, Multnomah County, Oregon",2020,612,0,0,0,0,154,314,144
"Census Tract 51.01, Multnomah County, Oregon",2020,"2,961",0,0,0,286,625,"1,102",948
"Census Tract 51.02, Multnomah County, Oregon",2020,"2,993",0,0,0,192,272,"1,428",1101
"Census Tract 51.03, Multnomah County, Oregon",2020,"2,645",0,0,26,1159,721,330,409
"Census Tract 52.01, Multnomah County, Oregon",2020,"1,629",18,22,8,207,595,445,334
"Census Tract 52.02, Multnomah County, Oregon",2020,"2,195",0,0,0,216,303,"1,062",614
"Census Tract 55, Multnomah County, Oregon",2020,"2,053",39,0,8,282,480,656,588
"Census Tract 56.01, Multnomah County, Oregon",2020,"2,240",22,169,15,277,521,681,555
"Census Tract 56.02, Multnomah County, Oregon",2020,854,29,0,30,184,250,288,73
"Census Tract 57.01, Multnomah County, Oregon",2020,352,0,0,0,67,35,186,64
"Census Tract 57.02, Multnomah County, Oregon",2020,"3,139",47,7,24,146,543,"1,301",1071
"Census Tract 58, Multnomah County, Oregon",2020,"3,729",1,0,24,150,691,"1,352",1511
"Census Tract 59.01, Multnomah County, Oregon",2020,"1,940",0,44,15,91,404,766,620
"Census Tract 59.02, Multnomah County, Oregon",2020,"2,988",0,0,0,106,549,"1,066",1267
"Census Tract 59.03, Multnomah County, Oregon",2020,"2,505",0,0,0,75,254,"1,177",999
"Census Tract 60.01, Multnomah County, Oregon",2020,"1,187",0,0,0,58,177,509,443
"Census Tract 60.02, Multnomah County, Oregon",2020,"1,895",0,0,0,153,291,813,638
"Census Tract 61, Multnomah County, Oregon",2020,"2,057",8,0,6,190,236,859,758
"Census Tract 62, Multnomah County, Oregon",2020,"2,545",2,0,1,191,698,972,681
"Census Tract 63, Multnomah County, Oregon",2020,"3,257",7,0,0,226,591,"1,287",1146
"Census Tract 64.02, Multnomah County, Oregon",2020,"4,463",0,32,0,282,798,"1,582",1769
"Census Tract 64.03, Multnomah County, Oregon",2020,"2,904",60,0,65,468,881,"1,086",344
"Census Tract 64.04, Multnomah County, Oregon",2020,"2,810",8,0,0,315,752,951,784
"Census Tract 65.01, Multnomah County, Oregon",2020,"4,556",0,0,20,528,1098,"1,755",1155
"Census Tract 65.02, Multnomah County, Oregon",2020,"3,753",0,0,1,336,1139,"1,271",1006
"Census Tract 66.01, Multnomah County, Oregon",2020,"2,187",0,0,0,131,482,905,669
"Census Tract 66.02, Multnomah County, Oregon",2020,"4,174",0,0,43,359,807,"1,691",1274
"Census Tract 67.01, Multnomah County, Oregon",2020,"2,398",6,0,0,281,445,"1,051",615
"Census Tract 67.02, Multnomah County, Oregon",2020,"2,413",12,0,75,215,543,917,651
"Census Tract 68.01, Multnomah County, Oregon",2020,"1,533",0,0,13,213,262,485,560
"Census Tract 68.02, Multnomah County, Oregon",2020,"2,572",81,0,8,187,574,756,966
"Census Tract 69, Multnomah County, Oregon",2020,"2,046",0,0,0,92,339,877,738
"Census Tract 70.01, Multnomah County, Oregon",2020,"3,697",0,0,0,197,516,"1,334",1650
"Census Tract 70.02, Multnomah County, Oregon",2020,"2,545",11,0,0,105,402,949,1078
"Census Tract 71, Multnomah County, Oregon",2020,"2,006",42,49,0,334,754,542,285
"Census Tract 72.01, Multnomah County, Oregon",2020,"2,043",22,17,9,582,717,380,316
"Census Tract 72.02, Multnomah County, Oregon",2020,"2,432",58,44,87,458,945,578,262
"Census Tract 73, Multnomah County, Oregon",2020,925,0,5,53,423,401,36,7
"Census Tract 74, Multnomah County, Oregon",2020,"2,241",3,0,131,616,667,508,316
"Census Tract 75, Multnomah County, Oregon",2020,"3,659",45,5,20,865,961,"1,167",596
"Census Tract 76, Multnomah County, Oregon",2020,"2,454",115,18,192,617,756,502,254
"Census Tract 77, Multnomah County, Oregon",2020,"1,740",13,24,46,555,551,445,106
"Census Tract 78, Multnomah County, Oregon",2020,"1,771",53,3,0,578,601,345,191
"Census Tract 79, Multnomah County, Oregon",2020,"3,194",167,0,62,1030,1093,589,253
"Census Tract 80.01, Multnomah County, Oregon",2020,"2,181",80,0,0,704,747,436,214
"Census Tract 80.02, Multnomah County, Oregon",2020,"1,775",88,11,72,501,612,357,134
"Census Tract 81, Multnomah County, Oregon",2020,"6,381",138,67,112,2783,1615,"1,196",470
"Census Tract 82.01, Multnomah County, Oregon",2020,"2,471",234,13,47,499,731,601,346
"Census Tract 82.03, Multnomah County, Oregon",2020,"3,936",0,103,72,1309,1487,560,405
"Census Tract 82.04, Multnomah County, Oregon",2020,"2,039",140,26,289,906,490,104,84
"Census Tract 83.01, Multnomah County, Oregon",2020,"3,139",317,41,116,913,948,566,238
"Census Tract 83.02, Multnomah County, Oregon",2020,"3,805",100,127,91,1299,1354,534,300
"Census Tract 84, Multnomah County, Oregon",2020,"3,234",202,51,171,1002,1167,495,146
"Census Tract 85, Multnomah County, Oregon",2020,"3,192",102,45,0,1309,1153,419,164
"Census Tract 86, Multnomah County, Oregon",2020,"3,218",78,35,76,978,1264,516,271
"Census Tract 87, Multnomah County, Oregon",2020,"3,961",168,80,18,1375,963,858,499
"Census Tract 88, Multnomah County, Oregon",2020,"3,230",0,4,61,1041,1055,717,352
"Census Tract 89.02, Multnomah County, Oregon",2020,"3,085",34,84,0,1199,1050,540,178
"Census Tract 89.03, Multnomah County, Oregon",2020,"3,378",67,39,42,807,1040,697,686
"Census Tract 89.04, Multnomah County, Oregon",2020,"3,686",165,68,144,1185,1365,455,304
"Census Tract 90.01, Multnomah County, Oregon",2020,"3,976",68,0,116,1826,1482,324,160
"Census Tract 90.02, Multnomah County, Oregon",2020,"3,239",26,101,97,1263,1247,234,271
"Census Tract 91.01, Multnomah County, Oregon",2020,"4,031",83,69,140,1835,1446,397,61
"Census Tract 91.02, Multnomah County, Oregon",2020,"4,474",94,75,194,1649,1663,477,322
"Census Tract 92.02, Multnomah County, Oregon",2020,"3,603",125,143,182,1122,1356,477,198
"Census Tract 92.03, Multnomah County, Oregon",2020,"2,605",127,0,4,1147,635,386,306
"Census Tract 92.04, Multnomah County, Oregon",2020,"2,882",99,49,40,972,1243,419,60
"Census Tract 93.01, Multnomah County, Oregon",2020,"4,422",127,24,161,1501,1723,601,285
"Census Tract 93.02, Multnomah County, Oregon",2020,"3,387",22,0,41,1156,1273,646,249
"Census Tract 94, Multnomah County, Oregon",2020,"5,440",79,25,81,1395,1979,"1,310",571
"Census Tract 95.01, Multnomah County, Oregon",2020,"3,233",67,0,56,1146,1075,625,264
"Census Tract 95.02, Multnomah County, Oregon",2020,"2,868",9,0,4,793,772,841,449
"Census Tract 96.03, Multnomah County, Oregon",2020,"2,297",40,32,18,855,1039,213,100
"Census Tract 96.04, Multnomah County, Oregon",2020,"3,121",285,131,76,909,1405,236,79
"Census Tract 96.05, Multnomah County, Oregon",2020,"3,760",67,12,238,1344,1259,513,327
"Census Tract 96.06, Multnomah County, Oregon",2020,"3,502",123,63,359,1411,1096,254,196
"Census Tract 97.01, Multnomah County, Oregon",2020,"3,382",37,30,133,1192,1523,339,128
"Census Tract 97.03, Multnomah County, Oregon",2020,"3,270",82,58,275,1310,1242,199,104
"Census Tract 97.04, Multnomah County, Oregon",2020,"2,777",7,8,362,1062,1039,299,0
"Census Tract 98.01, Multnomah County, Oregon",2020,"2,520",91,84,76,1125,815,224,105
"Census Tract 98.03, Multnomah County, Oregon",2020,"4,848",226,119,154,1519,1854,713,263
"Census Tract 98.04, Multnomah County, Oregon",2020,"2,300",147,15,109,807,793,371,58
"Census Tract 99.03, Multnomah County, Oregon",2020,"5,192",148,0,136,1165,1878,"1,060",805
"Census Tract 99.04, Multnomah County, Oregon",2020,"2,513",0,41,0,836,1080,422,134
"Census Tract 99.05, Multnomah County, Oregon",2020,"2,129",0,0,10,686,830,400,203
"Census Tract 99.06, Multnomah County, Oregon",2020,"2,899",21,0,36,603,980,919,340
"Census Tract 99.07, Multnomah County, Oregon",2020,"4,148",92,34,93,1350,1345,668,566
"Census Tract 100.01, Multnomah County, Oregon",2020,"4,179",57,21,147,1480,1338,692,444
"Census Tract 100.02, Multnomah County, Oregon",2020,"4,097",88,0,11,1129,1827,622,420
"Census Tract 101.01, Multnomah County, Oregon",2020,"2,868",12,61,0,1122,1203,335,135
"Census Tract 101.02, Multnomah County, Oregon",2020,"3,123",0,131,0,1122,1215,404,251
"Census Tract 102, Multnomah County, Oregon",2020,"4,768",179,46,80,1704,1571,857,331
"Census Tract 103.03, Multnomah County, Oregon",2020,"3,720",0,62,119,1261,1357,601,320
"Census Tract 103.04, Multnomah County, Oregon",2020,"2,816",101,119,184,1132,914,213,153
"Census Tract 103.05, Multnomah County, Oregon",2020,"2,454",56,15,9,735,973,493,173
"Census Tract 103.06, Multnomah County, Oregon",2020,"3,123",53,0,28,1005,1217,644,176
"Census Tract 104.02, Multnomah County, Oregon",2020,"4,522",104,54,69,1296,1842,888,269
"Census Tract 104.05, Multnomah County, Oregon",2020,"4,240",37,95,91,1419,1538,694,366
"Census Tract 104.07, Multnomah County, Oregon",2020,"3,722",50,0,140,1149,1660,375,348
"Census Tract 104.08, Multnomah County, Oregon",2020,"3,920",65,37,117,1624,1417,494,166
"Census Tract 104.10, Multnomah County, Oregon",2020,"2,885",21,37,32,1284,925,456,130
"Census Tract 104.11, Multnomah County, Oregon",2020,"2,233",59,20,21,957,907,206,63
"Census Tract 104.12, Multnomah County, Oregon",2020,"2,212",10,0,0,806,735,547,114
"Census Tract 104.13, Multnomah County, Oregon",2020,"3,417",14,0,105,811,1460,533,494
"Census Tract 105, Multnomah County, Oregon",2020,"2,883",43,0,26,626,937,836,415
"Census Tract 106.01, Multnomah County, Oregon",2020,"1,296",29,13,56,256,423,258,261
"Census Tract 106.02, Multnomah County, Oregon",2020,"1,810",27,18,47,421,945,199,153
"Census Tract 9800, Multnomah County, Oregon",2020,0,0,0,0,0,0,0,0
"Census Tract 1.01, Multnomah County, Oregon",2021,"2,114",0,0,1,186,388,957,582
"Census Tract 1.02, Multnomah County, Oregon",2021,"2,805",0,0,0,318,461,"1,166",860
"Census Tract 2.01, Multnomah County, Oregon",2021,"2,515",43,0,0,568,610,811,483
"Census Tract 2.02, Multnomah County, Oregon",2021,"2,320",16,17,15,215,700,663,694
"Census Tract 3.01, Multnomah County, Oregon",2021,"3,738",0,0,31,737,1036,"1,071",863
"Census Tract 3.02, Multnomah County, Oregon",2021,"5,331",61,0,0,309,994,"1,777",2190
"Census Tract 4.01, Multnomah County, Oregon",2021,"2,628",7,10,10,390,670,819,722
"Census Tract 4.02, Multnomah County, Oregon",2021,"2,710",12,0,0,523,786,881,508
"Census Tract 5.01, Multnomah County, Oregon",2021,"3,166",27,18,121,581,773,"1,078",568
"Census Tract 5.02, Multnomah County, Oregon",2021,"3,813",137,17,56,588,1306,"1,113",596
"Census Tract 6.01, Multnomah County, Oregon",2021,"4,083",97,40,79,1361,1230,871,405
"Census Tract 6.02, Multnomah County, Oregon",2021,"4,407",139,9,143,1751,1154,821,390
"Census Tract 7.01, Multnomah County, Oregon",2021,"3,757",41,28,25,576,1154,"1,226",707
"Census Tract 7.02, Multnomah County, Oregon",2021,"4,727",238,24,0,1029,1379,"1,191",866
"Census Tract 8.01, Multnomah County, Oregon",2021,"3,964",36,16,0,468,1236,"1,333",875
"Census Tract 8.02, Multnomah County, Oregon",2021,"3,729",16,0,96,653,1188,"1,367",409
"Census Tract 9.01, Multnomah County, Oregon",2021,"3,315",7,0,0,200,739,"1,497",872
"Census Tract 9.02, Multnomah County, Oregon",2021,"4,218",114,56,105,732,1387,"1,214",610
"Census Tract 10, Multnomah County, Oregon",2021,"4,666",91,0,54,562,1284,"1,353",1322
"Census Tract 11.01, Multnomah County, Oregon",2021,"2,589",9,0,3,434,814,939,390
"Census Tract 11.02, Multnomah County, Oregon",2021,"1,140",6,0,0,85,259,450,340
"Census Tract 12.02, Multnomah County, Oregon",2021,"2,844",0,0,0,427,613,943,861
"Census Tract 12.03, Multnomah County, Oregon",2021,"2,489",0,0,28,362,596,"1,158",345
"Census Tract 12.04, Multnomah County, Oregon",2021,"2,364",8,0,79,254,524,"1,030",469
"Census Tract 13.01, Multnomah County, Oregon",2021,"3,343",40,5,0,255,767,"1,510",766
"Census Tract 13.02, Multnomah County, Oregon",2021,"2,877",10,0,0,174,532,"1,199",962
"Census Tract 14, Multnomah County, Oregon",2021,"4,906",45,0,16,412,1328,"1,932",1173
"Census Tract 15, Multnomah County, Oregon",2021,"2,650",5,0,0,205,583,910,947
"Census Tract 16.01, Multnomah County, Oregon",2021,"4,396",22,10,36,957,955,"1,420",996
"Census Tract 16.02, Multnomah County, Oregon",2021,"3,758",81,36,0,874,998,"1,344",425
"Census Tract 17.02, Multnomah County, Oregon",2021,"2,847",72,24,23,546,946,888,348
"Census Tract 17.03, Multnomah County, Oregon",2021,"3,217",38,0,0,486,843,"1,118",732
"Census Tract 17.04, Multnomah County, Oregon",2021,"2,091",15,0,0,703,394,516,463
"Census Tract 18.01, Multnomah County, Oregon",2021,"3,748",41,27,0,837,923,"1,111",809
"Census Tract 18.02, Multnomah County, Oregon",2021,"2,861",0,0,21,345,805,"1,029",661
"Census Tract 19, Multnomah County, Oregon",2021,"3,604",9,8,4,296,623,"1,374",1290
"Census Tract 20.01, Multnomah County, Oregon",2021,"2,105",13,0,0,220,323,"1,163",386
"Census Tract 20.02, Multnomah County, Oregon",2021,"2,979",5,0,0,393,761,"1,119",701
"Census Tract 21.01, Multnomah County, Oregon",2021,"1,463",0,0,20,181,223,709,330
"Census Tract 21.02, Multnomah County, Oregon",2021,"1,895",0,0,0,168,498,901,328
"Census Tract 22.03, Multnomah County, Oregon",2021,"3,695",10,0,22,464,612,"1,174",1413
"Census Tract 23.03, Multnomah County, Oregon",2021,"3,171",19,0,0,482,929,"1,175",566
"Census Tract 24.01, Multnomah County, Oregon",2021,"2,332",0,0,15,265,295,807,950
"Census Tract 24.02, Multnomah County, Oregon",2021,"2,845",0,0,0,444,573,"1,240",588
"Census Tract 25.01, Multnomah County, Oregon",2021,"3,534",14,0,6,147,437,"1,366",1564
"Census Tract 25.02, Multnomah County, Oregon",2021,"3,651",38,0,0,312,752,"1,555",994
"Census Tract 26, Multnomah County, Oregon",2021,"2,121",0,0,0,196,368,972,585
"Census Tract 27.01, Multnomah County, Oregon",2021,"2,166",0,0,0,159,354,869,784
"Census Tract 27.02, Multnomah County, Oregon",2021,"2,787",21,18,0,244,508,"1,248",748
"Census Tract 28.01, Multnomah County, Oregon",2021,"2,450",17,0,0,261,534,"1,062",576
"Census Tract 28.02, Multnomah County, Oregon",2021,"2,314",4,22,0,274,573,863,578
"Census Tract 29.01, Multnomah County, Oregon",2021,"3,932",62,12,0,634,1152,"1,540",532
"Census Tract 29.02, Multnomah County, Oregon",2021,"4,877",120,0,114,628,1419,"1,325",1271
"Census Tract 29.03, Multnomah County, Oregon",2021,"3,354",116,48,0,816,1295,695,384
"Census Tract 30, Multnomah County, Oregon",2021,"3,867",43,0,0,256,1124,"1,414",1030
"Census Tract 31, Multnomah County, Oregon",2021,"4,108",2,11,7,390,973,"1,445",1280
"Census Tract 32, Multnomah County, Oregon",2021,"3,266",0,0,21,353,442,"1,269",1181
"Census Tract 33.01, Multnomah County, Oregon",2021,"2,385",28,0,7,381,695,696,578
"Census Tract 33.02, Multnomah County, Oregon",2021,"2,947",0,0,0,826,684,766,671
"Census Tract 34.01, Multnomah County, Oregon",2021,"2,648",7,0,5,394,511,998,733
"Census Tract 34.02, Multnomah County, Oregon",2021,"3,639",0,0,27,332,585,"1,898",797
"Census Tract 35.01, Multnomah County, Oregon",2021,"2,828",33,0,16,370,603,"1,321",485
"Census Tract 35.02, Multnomah County, Oregon",2021,"2,597",10,0,0,603,380,"1,156",448
"Census Tract 36.01, Multnomah County, Oregon",2021,"3,539",25,0,0,346,1001,"1,435",732
"Census Tract 36.02, Multnomah County, Oregon",2021,"4,947",53,1,55,597,1386,"1,855",1000
"Census Tract 36.03, Multnomah County, Oregon",2021,"1,398",71,14,7,283,285,509,229
"Census Tract 37.01, Multnomah County, Oregon",2021,"3,507",124,42,132,387,988,"1,177",657
"Census Tract 37.02, Multnomah County, Oregon",2021,"2,131",0,17,4,225,489,849,547
"Census Tract 38.01, Multnomah County, Oregon",2021,"2,237",19,0,0,306,757,724,431
"Census Tract 38.02, Multnomah County, Oregon",2021,"2,507",25,0,36,402,659,952,433
"Census Tract 38.03, Multnomah County, Oregon",2021,"3,250",6,11,0,353,760,"1,525",595
"Census Tract 39.02, Multnomah County, Oregon",2021,"2,872",0,9,29,401,724,"1,014",695
"Census Tract 39.03, Multnomah County, Oregon",2021,"3,049",0,21,16,806,672,924,610
"Census Tract 39.04, Multnomah County, Oregon",2021,"3,413",0,49,29,485,1151,"1,162",537
"Census Tract 40.02, Multnomah County, Oregon",2021,"3,224",15,0,16,536,846,"1,023",788
"Census Tract 40.03, Multnomah County, Oregon",2021,"4,817",158,97,98,1577,1470,962,455
"Census Tract 41.02, Multnomah County, Oregon",2021,"4,107",67,0,40,984,888,"1,416",712
"Census Tract 41.03, Multnomah County, Oregon",2021,"3,200",20,21,12,645,881,"1,114",507
"Census Tract 41.04, Multnomah County, Oregon",2021,"2,111",35,126,54,521,767,398,210
"Census Tract 42, Multnomah County, Oregon",2021,"3,548",14,0,37,672,1058,"1,287",480
"Census Tract 43, Multnomah County, Oregon",2021,824,6,0,0,152,149,279,238
"Census Tract 45, Multnomah County, Oregon",2021,"2,511",38,0,0,122,494,878,979
"Census Tract 46.01, Multnomah County, Oregon",2021,"2,788",19,0,0,135,293,984,1357
"Census Tract 46.02, Multnomah County, Oregon",2021,"1,550",0,3,0,58,216,583,690
"Census Tract 47, Multnomah County, Oregon",2021,"3,361",0,20,18,459,486,"1,363",1015
"Census Tract 48, Multnomah County, Oregon",2021,"2,207",1,0,11,248,548,905,494
"Census Tract 49.01, Multnomah County, Oregon",2021,"2,595",0,0,1,101,542,"1,295",656
"Census Tract 49.02, Multnomah County, Oregon",2021,"1,857",0,0,0,216,520,712,409
"Census Tract 50.01, Multnomah County, Oregon",2021,"2,825",0,0,22,178,335,"1,262",1028
"Census Tract 50.02, Multnomah County, Oregon",2021,846,0,0,0,0,230,389,227
"Census Tract 51.01, Multnomah County, Oregon",2021,"3,145",0,0,0,389,656,985,1115
"Census Tract 51.02, Multnomah County, Oregon",2021,"2,654",0,0,0,239,340,911,1164
"Census Tract 51.03, Multnomah County, Oregon",2021,"2,214",0,0,22,978,517,385,312
"Census Tract 52.01, Multnomah County, Oregon",2021,"1,682",0,16,12,239,643,457,315
"Census Tract 52.02, Multnomah County, Oregon",2021,"2,320",14,0,0,183,169,"1,189",765
"Census Tract 55, Multnomah County, Oregon",2021,"2,040",50,0,9,298,450,720,513
"Census Tract 56.01, Multnomah County, Oregon",2021,"2,234",66,108,53,236,458,737,576
"Census Tract 56.02, Multnomah County, Oregon",2021,846,30,0,38,206,265,227,80
"Census Tract 57.01, Multnomah County, Oregon",2021,361,0,0,0,65,53,154,89
"Census Tract 57.02, Multnomah County, Oregon",2021,"3,138",0,33,21,174,715,"1,269",926
"Census Tract 58, Multnomah County, Oregon",2021,"3,625",15,0,25,146,756,"1,241",1442
"Census Tract 59.01, Multnomah County, Oregon",2021,"2,199",0,0,22,38,549,"1,042",548
"Census Tract 59.02, Multnomah County, Oregon",2021,"2,914",0,0,0,69,341,"1,029",1475
"Census Tract 59.03, Multnomah County, Oregon",2021,"2,723",0,0,0,97,520,"1,176",930
"Census Tract 60.01, Multnomah County, Oregon",2021,"1,194",0,0,0,33,151,567,443
"Census Tract 60.02, Multnomah County, Oregon",2021,"1,818",0,0,0,193,299,710,616
"Census Tract 61, Multnomah County, Oregon",2021,"2,023",8,0,6,191,195,824,799
"Census Tract 62, Multnomah County, Oregon",2021,"2,522",1,0,2,176,495,"1,098",750
"Census Tract 63, Multnomah County, Oregon",2021,"3,391",14,0,0,194,614,"1,393",1176
"Census Tract 64.02, Multnomah County, Oregon",2021,"4,687",0,33,0,289,789,"1,745",1831
"Census Tract 64.03, Multnomah County, Oregon",2021,"3,202",49,0,146,444,938,"1,119",506
"Census Tract 64.04, Multnomah County, Oregon",2021,"2,781",8,0,0,342,754,862,815
"Census Tract 65.01, Multnomah County, Oregon",2021,"4,431",0,0,24,564,1111,"1,577",1155
"Census Tract 65.02, Multnomah County, Oregon",2021,"3,814",0,0,1,385,1087,"1,519",822
"Census Tract 66.01, Multnomah County, Oregon",2021,"2,233",0,0,0,164,499,921,649
"Census Tract 66.02, Multnomah County, Oregon",2021,"4,266",0,0,51,335,934,"1,522",1424
"Census Tract 67.01, Multnomah County, Oregon",2021,"2,344",5,0,0,260,437,"1,000",642
"Census Tract 67.02, Multnomah County, Oregon",2021,"2,547",8,0,91,296,515,965,672
"Census Tract 68.01, Multnomah County, Oregon",2021,"1,591",0,0,10,257,249,508,567
"Census Tract 68.02, Multnomah County, Oregon",2021,"2,766",80,0,3,174,528,975,1006
"Census Tract 69, Multnomah County, Oregon",2021,"1,976",0,0,0,145,304,771,756
"Census Tract 70.01, Multnomah County, Oregon",2021,"3,928",0,0,0,161,495,"1,511",1761
"Census Tract 70.02, Multnomah County, Oregon",2021,"2,145",5,0,0,71,320,836,913
"Census Tract 71, Multnomah County, Oregon",2021,"1,782",0,18,0,314,654,504,292
"Census Tract 72.01, Multnomah County, Oregon",2021,"2,096",24,14,10,560,789,343,356
"Census Tract 72.02, Multnomah County, Oregon",2021,"2,495",49,58,123,326,907,788,244
"Census Tract 73, Multnomah County, Oregon",2021,934,7,4,31,423,444,15,10
"Census Tract 74, Multnomah County, Oregon",2021,"2,332",39,66,98,447,724,586,372
"Census Tract 75, Multnomah County, Oregon",2021,"3,614",39,5,28,834,906,"1,199",603
"Census Tract 76, Multnomah County, Oregon",2021,"2,501",81,0,134,718,629,710,229
"Census Tract 77, Multnomah County, Oregon",2021,"1,759",8,0,40,562,523,467,159
"Census Tract 78, Multnomah County, Oregon",2021,"1,571",34,1,50,571,511,265,139
"Census Tract 79, Multnomah County, Oregon",2021,"3,152",127,0,109,958,1028,618,312
"Census Tract 80.01, Multnomah County, Oregon",2021,"2,388",75,0,24,712,829,583,165
"Census Tract 80.02, Multnomah County, Oregon",2021,"2,494",45,0,86,812,915,456,180
"Census Tract 81, Multnomah County, Oregon",2021,"6,073",126,59,109,2665,1439,"1,199",476
"Census Tract 82.01, Multnomah County, Oregon",2021,"2,448",140,27,53,539,687,628,374
"Census Tract 82.03, Multnomah County, Oregon",2021,"4,202",0,125,73,1659,1451,634,260
"Census Tract 82.04, Multnomah County, Oregon",2021,"1,857",131,22,264,797,511,53,79
"Census Tract 83.01, Multnomah County, Oregon",2021,"2,884",206,60,72,809,874,605,258
"Census Tract 83.02, Multnomah County, Oregon",2021,"3,531",149,90,49,1257,1177,511,298
"Census Tract 84, Multnomah County, Oregon",2021,"3,183",189,7,154,993,1153,560,127
"Census Tract 85, Multnomah County, Oregon",2021,"3,045",194,9,26,1130,1023,469,194
"Census Tract 86, Multnomah County, Oregon",2021,"3,064",99,26,89,1050,1063,508,229
"Census Tract 87, Multnomah County, Oregon",2021,"3,755",138,66,17,1329,871,861,473
"Census Tract 88, Multnomah County, Oregon",2021,"3,151",41,5,59,899,1052,695,400
"Census Tract 89.02, Multnomah County, Oregon",2021,"3,185",29,68,0,1139,1107,638,204
"Census Tract 89.03, Multnomah County, Oregon",2021,"3,439",50,35,19,753,1264,582,736
"Census Tract 89.04, Multnomah County, Oregon",2021,"3,649",59,97,100,1172,1210,703,308
"Census Tract 90.01, Multnomah County, Oregon",2021,"3,913",0,0,58,1804,1421,386,244
"Census Tract 90.02, Multnomah County, Oregon",2021,"3,027",29,67,110,1024,1257,319,221
"Census Tract 91.01, Multnomah County, Oregon",2021,"3,987",137,66,171,1586,1463,506,58
"Census Tract 91.02, Multnomah County, Oregon",2021,"4,303",40,55,144,1754,1413,491,406
"Census Tract 92.02, Multnomah County, Oregon",2021,"4,241",163,151,122,1483,1571,481,270
"Census Tract 92.03, Multnomah County, Oregon",2021,"2,286",55,81,44,845,631,334,296
"Census Tract 92.04, Multnomah County, Oregon",2021,"3,003",122,16,30,1058,1158,526,93
"Census Tract 93.01, Multnomah County, Oregon",2021,"4,475",139,22,190,1219,1970,674,261
"Census Tract 93.02, Multnomah County, Oregon",2021,"3,714",88,0,0,1146,1341,842,297
"Census Tract 94, Multnomah County, Oregon",2021,"5,370",77,63,51,1202,2024,"1,457",496
"Census Tract 95.01, Multnomah County, Oregon",2021,"3,353",156,0,67,1040,1165,675,250
"Census Tract 95.02, Multnomah County, Oregon",2021,"2,828",71,0,27,833,759,694,444
"Census Tract 96.03, Multnomah County, Oregon",2021,"2,397",124,34,37,887,1002,196,117
"Census Tract 96.04, Multnomah County, Oregon",2021,"3,663",274,156,113,1141,1392,443,144
"Census Tract 96.05, Multnomah County, Oregon",2021,"4,256",45,0,192,1554,1528,657,280
"Census Tract 96.06, Multnomah County, Oregon",2021,"3,682",153,50,320,1489,1138,307,225
"Census Tract 97.01, Multnomah County, Oregon",2021,"3,192",97,17,109,1145,1333,255,236
"Census Tract 97.03, Multnomah County, Oregon",2021,"3,558",78,50,347,1157,1268,384,274
"Census Tract 97.04, Multnomah County, Oregon",2021,"2,812",0,0,334,1094,1007,318,59
"Census Tract 98.01, Multnomah County, Oregon",2021,"2,438",107,30,94,1015,856,261,75
"Census Tract 98.03, Multnomah County, Oregon",2021,"5,136",82,172,108,1832,1807,802,333
"Census Tract 98.04, Multnomah County, Oregon",2021,"2,480",211,0,127,824,807,407,104
"Census Tract 99.03, Multnomah County, Oregon",2021,"5,327",126,0,127,1280,2014,"1,026",754
"Census Tract 99.04, Multnomah County, Oregon",2021,"2,543",23,44,63,730,1080,444,159
"Census Tract 99.05, Multnomah County, Oregon",2021,"2,233",0,0,13,696,877,398,249
"Census Tract 99.06, Multnomah County, Oregon",2021,"2,990",38,0,0,617,1043,959,333
"Census Tract 99.07, Multnomah County, Oregon",2021,"4,043",51,41,54,1398,1333,699,467
"Census Tract 100.01, Multnomah County, Oregon",2021,"4,407",61,28,109,1681,1358,700,470
"Census Tract 100.02, Multnomah County, Oregon",2021,"3,938",66,0,11,1020,1654,849,338
"Census Tract 101.01, Multnomah County, Oregon",2021,"2,874",10,90,83,1179,1017,342,153
"Census Tract 101.02, Multnomah County, Oregon",2021,"3,154",0,133,0,967,1226,490,338
"Census Tract 102, Multnomah County, Oregon",2021,"5,454",81,86,125,1844,2176,888,254
"Census Tract 103.03, Multnomah County, Oregon",2021,"3,752",52,35,106,1315,1238,603,403
"Census Tract 103.04, Multnomah County, Oregon",2021,"3,168",62,127,193,1374,978,230,204
"Census Tract 103.05, Multnomah County, Oregon",2021,"2,374",69,15,0,725,1031,388,146
"Census Tract 103.06, Multnomah County, Oregon",2021,"3,222",86,0,0,1009,1230,726,171
"Census Tract 104.02, Multnomah County, Oregon",2021,"4,282",94,64,68,1206,1672,849,329
"Census Tract 104.05, Multnomah County, Oregon",2021,"4,353",12,45,0,1581,1685,692,338
"Census Tract 104.07, Multnomah County, Oregon",2021,"3,878",39,0,120,1131,1707,475,406
"Census Tract 104.08, Multnomah County, Oregon",2021,"4,320",54,39,147,1808,1449,747,76
"Census Tract 104.10, Multnomah County, Oregon",2021,"3,117",0,0,34,1465,1016,422,180
"Census Tract 104.11, Multnomah County, Oregon",2021,"2,298",53,13,17,1000,938,205,72
"Census Tract 104.12, Multnomah County, Oregon",2021,"2,169",10,0,0,738,807,524,90
"Census Tract 104.13, Multnomah County, Oregon",2021,"3,448",31,0,118,854,1439,480,526
"Census Tract 105, Multnomah County, Oregon",2021,"2,763",34,0,8,595,913,877,336
"Census Tract 106.01, Multnomah County, Oregon",2021,"1,349",21,15,51,273,566,169,254
"Census Tract 106.02, Multnomah County, Oregon",2021,"1,871",15,18,37,520,919,270,92
"Census Tract 9800, Multnomah County, Oregon",2021,0,0,0,0,0,0,0,0
Census Tract 1.01; Multnomah County; Oregon,2022,"2,368",0,0,1,225,410,"1,050",682
Census Tract 1.02; Multnomah County; Oregon,2022,"2,925",0,0,0,249,569,"1,208",899
Census Tract 2.01; Multnomah County; Oregon,2022,"2,645",46,0,0,457,664,775,703
Census Tract 2.02; Multnomah County; Oregon,2022,"2,457",33,13,15,259,648,754,735
Census Tract 3.01; Multnomah County; Oregon,2022,"3,565",0,0,48,466,1103,"1,066",882
Census Tract 3.02; Multnomah County; Oregon,2022,"5,274",61,0,0,333,875,"1,731",2274
Census Tract 4.01; Multnomah County; Oregon,2022,"2,694",7,0,11,417,618,868,773
Census Tract 4.02; Multnomah County; Oregon,2022,"2,593",11,0,0,390,718,976,498
Census Tract 5.01; Multnomah County; Oregon,2022,"3,227",36,11,105,490,831,"1,210",544
Census Tract 5.02; Multnomah County; Oregon,2022,"3,638",135,3,49,623,1200,974,654
Census Tract 6.01; Multnomah County; Oregon,2022,"4,033",117,22,53,1480,1049,847,465
Census Tract 6.02; Multnomah County; Oregon,2022,"4,288",152,7,119,1895,1047,665,403
Census Tract 7.01; Multnomah County; Oregon,2022,"3,765",37,0,27,644,1208,"1,193",656
Census Tract 7.02; Multnomah County; Oregon,2022,"4,434",105,34,0,994,1222,"1,235",844
Census Tract 8.01; Multnomah County; Oregon,2022,"3,700",0,17,14,348,968,"1,229",1124
Census Tract 8.02; Multnomah County; Oregon,2022,"3,773",56,0,75,703,1084,"1,418",437
Census Tract 9.01; Multnomah County; Oregon,2022,"3,075",0,0,0,305,568,"1,320",882
Census Tract 9.02; Multnomah County; Oregon,2022,"4,078",69,26,11,704,1300,"1,387",581
Census Tract 10; Multnomah County; Oregon,2022,"4,677",74,0,59,544,1576,"1,283",1141
Census Tract 11.01; Multnomah County; Oregon,2022,"2,714",0,0,43,406,824,959,482
Census Tract 11.02; Multnomah County; Oregon,2022,"1,142",7,0,0,84,209,476,366
Census Tract 12.02; Multnomah County; Oregon,2022,"2,681",0,0,21,418,429,956,857
Census Tract 12.03; Multnomah County; Oregon,2022,"2,476",0,0,22,343,575,"1,077",459
Census Tract 12.04; Multnomah County; Oregon,2022,"2,358",12,0,73,243,487,"1,077",466
Census Tract 13.01; Multnomah County; Oregon,2022,"3,352",44,0,0,262,784,"1,486",776
Census Tract 13.02; Multnomah County; Oregon,2022,"2,965",8,0,0,251,518,"1,201",987
Census Tract 14; Multnomah County; Oregon,2022,"4,747",82,0,18,332,1059,"1,998",1258
Census Tract 15; Multnomah County; Oregon,2022,"2,720",5,0,0,169,498,"1,020",1028
Census Tract 16.01; Multnomah County; Oregon,2022,"4,690",16,7,0,1052,961,"1,551",1103
Census Tract 16.02; Multnomah County; Oregon,2022,"3,770",90,31,50,800,1130,"1,219",450
Census Tract 17.02; Multnomah County; Oregon,2022,"3,019",39,32,30,718,753,"1,058",389
Census Tract 17.03; Multnomah County; Oregon,2022,"3,163",21,0,11,413,734,"1,188",796
Census Tract 17.04; Multnomah County; Oregon,2022,"2,297",0,0,0,648,411,763,475
Census Tract 18.01; Multnomah County; Oregon,2022,"3,534",12,4,0,764,931,"1,075",748
Census Tract 18.02; Multnomah County; Oregon,2022,"2,948",0,0,13,261,706,"1,179",789
Census Tract 19; Multnomah County; Oregon,2022,"3,656",8,0,7,250,597,"1,326",1468
Census Tract 20.01; Multnomah County; Oregon,2022,"2,050",15,0,0,185,362,"1,062",426
Census Tract 20.02; Multnomah County; Oregon,2022,"3,096",9,0,0,382,917,"1,190",598
Census Tract 21.01; Multnomah County; Oregon,2022,"1,528",0,0,35,239,260,633,361
Census Tract 21.02; Multnomah County; Oregon,2022,"1,925",0,0,0,161,515,768,481
Census Tract 22.03; Multnomah County; Oregon,2022,"3,689",0,0,0,438,531,"1,195",1525
Census Tract 23.03; Multnomah County; Oregon,2022,"3,088",29,0,48,507,861,"1,005",638
Census Tract 24.01; Multnomah County; Oregon,2022,"2,362",0,0,16,281,293,814,958
Census Tract 24.02; Multnomah County; Oregon,2022,"2,947",0,0,0,504,597,"1,294",552
Census Tract 25.01; Multnomah County; Oregon,2022,"3,471",17,0,6,142,457,"1,267",1582
Census Tract 25.02; Multnomah County; Oregon,2022,"3,532",33,0,0,242,754,"1,517",986
Census Tract 26; Multnomah County; Oregon,2022,"2,181",0,0,0,236,303,"1,030",612
Census Tract 27.01; Multnomah County; Oregon,2022,"2,264",0,0,22,160,398,928,756
Census Tract 27.02; Multnomah County; Oregon,2022,"2,937",23,24,0,258,544,"1,326",762
Census Tract 28.01; Multnomah County; Oregon,2022,"2,427",14,0,5,283,476,"1,006",643
Census Tract 28.02; Multnomah County; Oregon,2022,"2,399",4,17,0,347,540,867,624
Census Tract 29.01; Multnomah County; Oregon,2022,"3,871",50,28,0,532,1131,"1,440",690
Census Tract 29.02; Multnomah County; Oregon,2022,"4,877",70,79,91,775,1234,"1,350",1278
Census Tract 29.03; Multnomah County; Oregon,2022,"3,197",91,71,0,631,1346,604,454
Census Tract 30; Multnomah County; Oregon,2022,"4,164",106,0,0,321,1376,"1,379",982
Census Tract 31; Multnomah County; Oregon,2022,"4,218",1,13,0,450,968,"1,415",1371
Census Tract 32; Multnomah County; Oregon,2022,"3,405",0,0,24,428,582,"1,289",1082
Census Tract 33.01; Multnomah County; Oregon,2022,"2,294",43,0,4,332,710,654,551
Census Tract 33.02; Multnomah County; Oregon,2022,"2,834",0,0,0,655,698,701,780
Census Tract 34.01; Multnomah County; Oregon,2022,"2,838",8,0,10,493,513,"1,098",716
Census Tract 34.02; Multnomah County; Oregon,2022,"3,680",0,0,26,797,636,"1,622",599
Census Tract 35.01; Multnomah County; Oregon,2022,"3,003",21,40,13,353,681,"1,308",587
Census Tract 35.02; Multnomah County; Oregon,2022,"2,524",8,0,0,684,343,"1,088",401
Census Tract 36.01; Multnomah County; Oregon,2022,"3,439",25,0,0,411,1080,"1,292",631
Census Tract 36.02; Multnomah County; Oregon,2022,"4,937",52,0,70,511,1381,"1,988",935
Census Tract 36.03; Multnomah County; Oregon,2022,"1,426",64,25,7,296,260,544,230
Census Tract 37.01; Multnomah County; Oregon,2022,"3,589",117,0,19,514,1128,"1,130",681
Census Tract 37.02; Multnomah County; Oregon,2022,"2,075",0,13,5,199,448,835,575
Census Tract 38.01; Multnomah County; Oregon,2022,"2,184",23,0,5,350,592,749,465
Census Tract 38.02; Multnomah County; Oregon,2022,"2,628",45,0,27,358,756,954,488
Census Tract 38.03; Multnomah County; Oregon,2022,"3,314",41,0,0,379,757,"1,480",657
Census Tract 39.02; Multnomah County; Oregon,2022,"2,875",0,24,25,488,679,960,699
Census Tract 39.03; Multnomah County; Oregon,2022,"2,580",0,40,34,533,570,929,474
Census Tract 39.04; Multnomah County; Oregon,2022,"3,147",0,82,43,207,1048,"1,233",534
Census Tract 40.02; Multnomah County; Oregon,2022,"3,112",5,10,14,573,855,971,684
Census Tract 40.03; Multnomah County; Oregon,2022,"5,015",181,147,75,1415,1547,"1,073",577
Census Tract 41.02; Multnomah County; Oregon,2022,"3,889",71,0,39,816,959,"1,259",745
Census Tract 41.03; Multnomah County; Oregon,2022,"3,014",28,29,13,765,822,815,542
Census Tract 41.04; Multnomah County; Oregon,2022,"2,094",27,101,35,519,785,442,185
Census Tract 42; Multnomah County; Oregon,2022,"3,404",10,0,19,558,966,"1,419",432
Census Tract 43; Multnomah County; Oregon,2022,834,4,0,0,156,165,276,233
Census Tract 45; Multnomah County; Oregon,2022,"2,610",38,0,0,136,520,804,1112
Census Tract 46.01; Multnomah County; Oregon,2022,"2,887",27,0,0,183,280,"1,077",1320
Census Tract 46.02; Multnomah County; Oregon,2022,"1,585",0,6,0,84,198,562,735
Census Tract 47; Multnomah County; Oregon,2022,"3,150",11,19,9,532,378,"1,123",1078
Census Tract 48; Multnomah County; Oregon,2022,"2,178",1,0,10,242,595,811,519
Census Tract 49.01; Multnomah County; Oregon,2022,"2,926",62,0,2,89,708,"1,358",707
Census Tract 49.02; Multnomah County; Oregon,2022,"1,661",0,0,0,144,599,562,356
Census Tract 50.01; Multnomah County; Oregon,2022,"2,983",0,0,32,147,342,"1,395",1067
Census Tract 50.02; Multnomah County; Oregon,2022,871,0,0,0,32,152,401,286
Census Tract 51.01; Multnomah County; Oregon,2022,"3,522",0,0,0,498,596,"1,180",1248
Census Tract 51.02; Multnomah County; Oregon,2022,"2,833",0,0,0,229,499,"1,035",1070
Census Tract 51.03; Multnomah County; Oregon,2022,"2,673",3,0,125,1004,677,351,513
Census Tract 52.01; Multnomah County; Oregon,2022,"1,772",0,23,24,325,429,481,490
Census Tract 52.02; Multnomah County; Oregon,2022,"2,447",20,0,0,221,461,"1,041",704
Census Tract 55; Multnomah County; Oregon,2022,"2,037",45,0,7,305,503,664,513
Census Tract 56.01; Multnomah County; Oregon,2022,"2,096",87,111,52,252,409,648,537
Census Tract 56.02; Multnomah County; Oregon,2022,773,35,0,38,205,267,138,90
Census Tract 57.01; Multnomah County; Oregon,2022,508,0,0,0,67,58,232,151
Census Tract 57.02; Multnomah County; Oregon,2022,"3,371",0,0,0,169,719,"1,264",1219
Census Tract 58; Multnomah County; Oregon,2022,"3,679",15,0,28,147,782,"1,277",1430
Census Tract 59.01; Multnomah County; Oregon,2022,"2,056",0,0,8,109,579,826,534
Census Tract 59.02; Multnomah County; Oregon,2022,"3,296",0,0,0,191,550,"1,044",1511
Census Tract 59.03; Multnomah County; Oregon,2022,"2,937",0,0,0,198,544,"1,312",883
Census Tract 60.01; Multnomah County; Oregon,2022,"1,173",0,0,0,64,152,509,448
Census Tract 60.02; Multnomah County; Oregon,2022,"1,810",0,0,0,207,283,787,533
Census Tract 61; Multnomah County; Oregon,2022,"1,925",0,0,0,165,137,822,801
Census Tract 62; Multnomah County; Oregon,2022,"2,449",1,0,9,175,434,"1,112",718
Census Tract 63; Multnomah County; Oregon,2022,"3,328",42,0,0,173,588,"1,389",1136
Census Tract 64.02; Multnomah County; Oregon,2022,"4,608",0,26,0,232,799,"1,750",1801
Census Tract 64.03; Multnomah County; Oregon,2022,"3,051",34,0,71,345,992,"1,063",546
Census Tract 64.04; Multnomah County; Oregon,2022,"2,618",0,0,0,301,807,820,690
Census Tract 65.01; Multnomah County; Oregon,2022,"4,503",0,0,0,452,1362,"1,619",1070
Census Tract 65.02; Multnomah County; Oregon,2022,"3,754",18,0,0,220,1274,"1,479",763
Census Tract 66.01; Multnomah County; Oregon,2022,"2,230",0,0,0,144,512,946,628
Census Tract 66.02; Multnomah County; Oregon,2022,"4,323",167,0,59,349,1057,"1,423",1268
Census Tract 67.01; Multnomah County; Oregon,2022,"2,404",0,0,0,289,477,968,670
Census Tract 67.02; Multnomah County; Oregon,2022,"2,487",7,0,10,230,642,"1,079",519
Census Tract 68.01; Multnomah County; Oregon,2022,"1,641",0,0,11,264,284,465,617
Census Tract 68.02; Multnomah County; Oregon,2022,"2,577",24,0,0,206,369,973,1005
Census Tract 69; Multnomah County; Oregon,2022,"2,089",0,0,0,134,301,864,790
Census Tract 70.01; Multnomah County; Oregon,2022,"4,031",0,0,0,90,501,"1,585",1855
Census Tract 70.02; Multnomah County; Oregon,2022,"2,084",5,7,0,85,321,871,795
Census Tract 71; Multnomah County; Oregon,2022,"1,949",0,15,0,340,750,446,398
Census Tract 72.01; Multnomah County; Oregon,2022,"2,167",15,11,16,542,786,404,393
Census Tract 72.02; Multnomah County; Oregon,2022,"2,504",46,58,107,348,974,719,252
Census Tract 73; Multnomah County; Oregon,2022,"1,077",6,5,21,563,447,9,26
Census Tract 74; Multnomah County; Oregon,2022,"2,348",39,82,110,442,677,655,343
Census Tract 75; Multnomah County; Oregon,2022,"3,707",18,4,0,850,912,"1,271",652
Census Tract 76; Multnomah County; Oregon,2022,"2,505",52,0,92,428,704,874,355
Census Tract 77; Multnomah County; Oregon,2022,"1,729",25,0,60,468,473,562,141
Census Tract 78; Multnomah County; Oregon,2022,"1,511",10,1,47,493,474,340,146
Census Tract 79; Multnomah County; Oregon,2022,"3,227",128,0,138,977,982,646,356
Census Tract 80.01; Multnomah County; Oregon,2022,"2,331",92,0,23,660,778,619,159
Census Tract 80.02; Multnomah County; Oregon,2022,"2,404",56,0,65,771,829,518,165
Census Tract 81; Multnomah County; Oregon,2022,"6,088",102,70,120,2623,1457,"1,191",525
Census Tract 82.01; Multnomah County; Oregon,2022,"2,470",161,67,31,622,666,603,320
Census Tract 82.03; Multnomah County; Oregon,2022,"4,026",0,71,56,1514,1422,648,315
Census Tract 82.04; Multnomah County; Oregon,2022,"1,656",130,28,14,647,639,62,136
Census Tract 83.01; Multnomah County; Oregon,2022,"3,079",179,45,179,999,788,640,249
Census Tract 83.02; Multnomah County; Oregon,2022,"3,943",146,116,32,1305,1324,646,374
Census Tract 84; Multnomah County; Oregon,2022,"3,376",127,9,165,1155,1200,612,108
Census Tract 85; Multnomah County; Oregon,2022,"2,967",186,12,23,1029,993,509,215
Census Tract 86; Multnomah County; Oregon,2022,"2,835",79,13,73,925,1062,450,233
Census Tract 87; Multnomah County; Oregon,2022,"3,568",178,67,20,1214,887,805,397
Census Tract 88; Multnomah County; Oregon,2022,"3,117",123,0,65,812,961,688,468
Census Tract 89.02; Multnomah County; Oregon,2022,"3,131",64,59,0,1135,1076,592,205
Census Tract 89.03; Multnomah County; Oregon,2022,"3,567",56,0,23,831,1323,688,646
Census Tract 89.04; Multnomah County; Oregon,2022,"3,495",76,149,64,1175,1032,682,317
Census Tract 90.01; Multnomah County; Oregon,2022,"3,760",23,0,65,1806,1258,418,190
Census Tract 90.02; Multnomah County; Oregon,2022,"2,907",123,88,103,825,1207,422,139
Census Tract 91.01; Multnomah County; Oregon,2022,"4,170",302,153,134,1655,1191,631,104
Census Tract 91.02; Multnomah County; Oregon,2022,"4,417",105,49,105,1740,1386,611,421
Census Tract 92.02; Multnomah County; Oregon,2022,"4,195",129,160,127,1579,1494,413,293
Census Tract 92.03; Multnomah County; Oregon,2022,"2,186",52,60,36,694,556,479,309
Census Tract 92.04; Multnomah County; Oregon,2022,"3,091",99,30,43,1074,1132,632,81
Census Tract 93.01; Multnomah County; Oregon,2022,"3,810",86,43,103,1385,1366,725,102
Census Tract 93.02; Multnomah County; Oregon,2022,"3,651",98,0,0,1019,1468,734,332
Census Tract 94; Multnomah County; Oregon,2022,"5,491",94,40,87,1072,2027,"1,590",581
Census Tract 95.01; Multnomah County; Oregon,2022,"3,251",148,10,31,1033,1063,650,316
Census Tract 95.02; Multnomah County; Oregon,2022,"2,731",92,0,22,826,735,652,404
Census Tract 96.03; Multnomah County; Oregon,2022,"2,441",120,20,78,992,898,222,111
Census Tract 96.04; Multnomah County; Oregon,2022,"3,859",407,187,171,1200,1221,531,142
Census Tract 96.05; Multnomah County; Oregon,2022,"4,590",57,0,139,1554,1647,811,382
Census Tract 96.06; Multnomah County; Oregon,2022,"3,632",134,51,325,1543,1019,315,245
Census Tract 97.01; Multnomah County; Oregon,2022,"3,180",71,23,80,1188,1330,262,226
Census Tract 97.03; Multnomah County; Oregon,2022,"3,633",167,45,259,1186,1416,381,179
Census Tract 97.04; Multnomah County; Oregon,2022,"2,590",0,15,292,1115,808,307,53
Census Tract 98.01; Multnomah County; Oregon,2022,"2,586",134,53,22,748,1186,298,145
Census Tract 98.03; Multnomah County; Oregon,2022,"5,168",107,180,93,1923,1828,710,327
Census Tract 98.04; Multnomah County; Oregon,2022,"2,384",191,0,125,853,808,255,152
Census Tract 99.03; Multnomah County; Oregon,2022,"5,721",158,0,125,1449,2091,"1,224",674
Census Tract 99.04; Multnomah County; Oregon,2022,"2,493",40,36,40,740,1037,442,158
Census Tract 99.05; Multnomah County; Oregon,2022,"2,230",0,0,36,793,850,329,222
Census Tract 99.06; Multnomah County; Oregon,2022,"2,994",43,12,0,438,1124,"1,009",368
Census Tract 99.07; Multnomah County; Oregon,2022,"4,000",40,37,49,1430,1335,660,449
Census Tract 100.01; Multnomah County; Oregon,2022,"4,472",109,0,85,1614,1507,604,553
Census Tract 100.02; Multnomah County; Oregon,2022,"4,067",86,0,42,1090,1823,740,286
Census Tract 101.01; Multnomah County; Oregon,2022,"2,864",0,89,105,1054,1102,314,200
Census Tract 101.02; Multnomah County; Oregon,2022,"3,152",19,232,95,778,1096,601,331
Census Tract 102; Multnomah County; Oregon,2022,"5,302",82,68,84,1713,2119,916,320
Census Tract 103.03; Multnomah County; Oregon,2022,"3,751",89,35,111,1122,1342,566,486
Census Tract 103.04; Multnomah County; Oregon,2022,"3,097",109,101,261,1341,899,209,177
Census Tract 103.05; Multnomah County; Oregon,2022,"2,395",119,17,0,711,1027,391,130
Census Tract 103.06; Multnomah County; Oregon,2022,"3,199",109,0,0,1104,1217,637,132
Census Tract 104.02; Multnomah County; Oregon,2022,"4,150",112,57,54,1154,1552,851,370
Census Tract 104.05; Multnomah County; Oregon,2022,"4,113",37,78,0,1683,1532,451,332
Census Tract 104.07; Multnomah County; Oregon,2022,"4,092",50,0,65,1244,1751,629,353
Census Tract 104.08; Multnomah County; Oregon,2022,"4,538",49,40,136,1937,1535,774,67
Census Tract 104.10; Multnomah County; Oregon,2022,"3,313",24,0,63,1510,1110,354,252
Census Tract 104.11; Multnomah County; Oregon,2022,"2,486",59,0,0,1126,984,168,149
Census Tract 104.12; Multnomah County; Oregon,2022,"2,201",9,0,0,802,757,505,128
Census Tract 104.13; Multnomah County; Oregon,2022,"3,417",118,0,71,844,1339,570,475
Census Tract 105; Multnomah County; Oregon,2022,"2,723",5,0,11,608,920,847,332
Census Tract 106.01; Multnomah County; Oregon,2022,"1,305",25,0,52,208,510,216,294
Census Tract 106.02; Multnomah County; Oregon,2022,"1,879",0,0,56,604,767,321,131
Census Tract 9800; Multnomah County; Oregon,2022,0,0,0,0,0,0,0,0
Census Tract 1.01; Multnomah County; Oregon,2023,"2,445",0,0,0,209,416,"1,055",765
Census Tract 1.02; Multnomah County; Oregon,2023,"2,871",0,0,0,268,563,"1,091",949
Census Tract 2.01; Multnomah County; Oregon,2023,"2,796",32,0,29,451,583,945,756
Census Tract 2.02; Multnomah County; Oregon,2023,"2,666",37,12,13,307,611,"1,003",683
Census Tract 3.01; Multnomah County; Oregon,2023,"3,494",0,0,25,509,933,"1,129",898
Census Tract 3.02; Multnomah County; Oregon,2023,"5,322",59,0,0,338,871,"1,977",2077
Census Tract 4.01; Multnomah County; Oregon,2023,"2,832",40,0,0,403,557,"1,093",739
Census Tract 4.02; Multnomah County; Oregon,2023,"2,628",12,0,0,383,684,951,598
Census Tract 5.01; Multnomah County; Oregon,2023,"3,248",24,8,109,573,762,"1,226",546
Census Tract 5.02; Multnomah County; Oregon,2023,"3,526",119,3,58,540,1137,988,681
Census Tract 6.01; Multnomah County; Oregon,2023,"3,968",39,21,34,1349,1089,864,572
Census Tract 6.02; Multnomah County; Oregon,2023,"4,245",180,0,71,1794,1125,667,408
Census Tract 7.01; Multnomah County; Oregon,2023,"3,893",62,0,21,679,1192,"1,184",755
Census Tract 7.02; Multnomah County; Oregon,2023,"4,195",77,29,16,779,1182,"1,237",875
Census Tract 8.01; Multnomah County; Oregon,2023,"3,693",0,16,28,337,934,"1,191",1187
Census Tract 8.02; Multnomah County; Oregon,2023,"3,976",34,0,19,611,1158,"1,615",539
Census Tract 9.01; Multnomah County; Oregon,2023,"3,026",0,0,0,359,567,"1,347",753
Census Tract 9.02; Multnomah County; Oregon,2023,"3,742",72,10,11,435,1148,"1,301",765
Census Tract 10; Multnomah County; Oregon,2023,"4,998",14,0,49,585,1592,"1,535",1223
Census Tract 11.01; Multnomah County; Oregon,2023,"2,750",0,0,0,374,949,979,448
Census Tract 11.02; Multnomah County; Oregon,2023,"1,139",7,0,0,95,216,488,333
Census Tract 12.02; Multnomah County; Oregon,2023,"2,670",0,0,18,414,454,899,885
Census Tract 12.03; Multnomah County; Oregon,2023,"2,340",0,0,30,231,598,990,491
Census Tract 12.04; Multnomah County; Oregon,2023,"2,291",20,0,61,211,454,"1,074",471
Census Tract 13.01; Multnomah County; Oregon,2023,"3,328",16,0,0,199,678,"1,592",843
Census Tract 13.02; Multnomah County; Oregon,2023,"2,847",14,0,0,231,582,"1,047",973
Census Tract 14; Multnomah County; Oregon,2023,"4,862",103,0,15,407,1118,"1,987",1232
Census Tract 15; Multnomah County; Oregon,2023,"2,807",6,0,5,191,429,"1,089",1087
Census Tract 16.01; Multnomah County; Oregon,2023,"4,558",0,8,9,873,848,"1,698",1122
Census Tract 16.02; Multnomah County; Oregon,2023,"3,587",127,13,41,789,912,"1,259",446
Census Tract 17.02; Multnomah County; Oregon,2023,"2,839",35,16,14,530,817,"1,119",308
Census Tract 17.03; Multnomah County; Oregon,2023,"3,075",0,0,9,415,659,"1,252",740
Census Tract 17.04; Multnomah County; Oregon,2023,"2,356",13,0,16,597,376,832,522
Census Tract 18.01; Multnomah County; Oregon,2023,"3,686",11,2,0,1068,888,"1,038",679
Census Tract 18.02; Multnomah County; Oregon,2023,"2,956",11,0,14,299,726,"1,159",747
Census Tract 19; Multnomah County; Oregon,2023,"3,602",9,0,0,263,536,"1,304",1490
Census Tract 20.01; Multnomah County; Oregon,2023,"1,860",0,0,0,211,368,846,435
Census Tract 20.02; Multnomah County; Oregon,2023,"3,102",12,0,0,423,993,"1,099",575
Census Tract 21.01; Multnomah County; Oregon,2023,"1,591",0,0,0,251,309,647,384
Census Tract 21.02; Multnomah County; Oregon,2023,"2,050",0,0,0,140,516,818,576
Census Tract 22.03; Multnomah County; Oregon,2023,"3,887",0,0,0,598,625,"1,371",1293
Census Tract 23.03; Multnomah County; Oregon,2023,"3,521",27,0,19,670,1068,"1,087",650
Census Tract 24.01; Multnomah County; Oregon,2023,"2,317",0,0,17,191,293,853,963
Census Tract 24.02; Multnomah County; Oregon,2023,"3,036",0,29,0,496,571,"1,218",722
Census Tract 25.01; Multnomah County; Oregon,2023,"3,339",22,0,7,141,465,"1,294",1410
Census Tract 25.02; Multnomah County; Oregon,2023,"3,348",37,0,0,170,860,"1,436",845
Census Tract 26; Multnomah County; Oregon,2023,"2,027",0,0,0,265,336,981,445
Census Tract 27.01; Multnomah County; Oregon,2023,"2,224",11,0,18,166,452,740,837
Census Tract 27.02; Multnomah County; Oregon,2023,"2,831",0,0,0,317,628,"1,282",604
Census Tract 28.01; Multnomah County; Oregon,2023,"2,496",16,0,5,283,444,"1,107",641
Census Tract 28.02; Multnomah County; Oregon,2023,"2,234",4,15,0,240,483,955,537
Census Tract 29.01; Multnomah County; Oregon,2023,"3,879",1,0,0,444,1113,"1,671",650
Census Tract 29.02; Multnomah County; Oregon,2023,"4,906",18,64,74,671,1223,"1,456",1400
Census Tract 29.03; Multnomah County; Oregon,2023,"3,356",108,0,0,619,1370,718,541
Census Tract 30; Multnomah County; Oregon,2023,"3,794",18,0,0,356,1130,"1,382",908
Census Tract 31; Multnomah County; Oregon,2023,"4,117",1,8,0,369,998,"1,416",1325
Census Tract 32; Multnomah County; Oregon,2023,"3,317",0,0,21,379,541,"1,307",1069
Census Tract 33.01; Multnomah County; Oregon,2023,"2,231",45,0,9,279,583,838,477
Census Tract 33.02; Multnomah County; Oregon,2023,"2,956",0,0,0,675,785,765,731
Census Tract 34.01; Multnomah County; Oregon,2023,"2,798",14,0,5,463,574,"1,116",626
Census Tract 34.02; Multnomah County; Oregon,2023,"3,988",13,0,23,706,752,"1,815",679
Census Tract 35.01; Multnomah County; Oregon,2023,"3,146",15,36,13,339,643,"1,452",648
Census Tract 35.02; Multnomah County; Oregon,2023,"2,474",13,0,0,635,371,956,499
Census Tract 36.01; Multnomah County; Oregon,2023,"3,394",18,0,0,517,991,"1,247",621
Census Tract 36.02; Multnomah County; Oregon,2023,"5,020",0,26,58,509,1219,"2,168",1040
Census Tract 36.03; Multnomah County; Oregon,2023,"1,370",55,17,6,253,274,500,265
Census Tract 37.01; Multnomah County; Oregon,2023,"3,514",135,0,9,514,1068,"1,140",648
Census Tract 37.02; Multnomah County; Oregon,2023,"1,946",0,11,3,201,312,850,569
Census Tract 38.01; Multnomah County; Oregon,2023,"2,145",0,0,6,321,537,750,531
Census Tract 38.02; Multnomah County; Oregon,2023,"2,689",41,0,26,352,801,"1,065",404
Census Tract 38.03; Multnomah County; Oregon,2023,"3,211",41,0,0,402,575,"1,675",518
Census Tract 39.02; Multnomah County; Oregon,2023,"2,544",0,8,20,336,577,922,681
Census Tract 39.03; Multnomah County; Oregon,2023,"2,534",1,36,32,537,574,841,513
Census Tract 39.04; Multnomah County; Oregon,2023,"3,184",0,69,28,273,1156,"1,010",648
Census Tract 40.02; Multnomah County; Oregon,2023,"3,043",5,9,16,574,845,912,682
Census Tract 40.03; Multnomah County; Oregon,2023,"5,206",172,111,97,1397,1596,"1,177",656
Census Tract 41.02; Multnomah County; Oregon,2023,"4,053",92,0,37,871,952,"1,253",848
Census Tract 41.03; Multnomah County; Oregon,2023,"3,217",133,0,47,1170,799,639,429
Census Tract 41.04; Multnomah County; Oregon,2023,"2,030",61,0,0,635,611,455,268
Census Tract 42; Multnomah County; Oregon,2023,"3,243",5,0,13,440,928,"1,345",512
Census Tract 43; Multnomah County; Oregon,2023,881,0,0,0,158,189,266,268
Census Tract 45; Multnomah County; Oregon,2023,"2,643",37,0,0,143,502,955,1006
Census Tract 46.01; Multnomah County; Oregon,2023,"2,873",27,0,0,187,222,"1,046",1391
Census Tract 46.02; Multnomah County; Oregon,2023,"1,585",0,6,0,132,205,591,651
Census Tract 47; Multnomah County; Oregon,2023,"2,973",34,12,8,299,263,"1,329",1028
Census Tract 48; Multnomah County; Oregon,2023,"2,167",88,0,0,243,692,737,407
Census Tract 49.01; Multnomah County; Oregon,2023,"2,861",66,0,1,95,591,"1,421",687
Census Tract 49.02; Multnomah County; Oregon,2023,"1,790",0,0,0,167,609,585,429
Census Tract 50.01; Multnomah County; Oregon,2023,"3,075",0,0,35,239,361,"1,381",1059
Census Tract 50.02; Multnomah County; Oregon,2023,"1,138",0,0,0,148,166,538,286
Census Tract 51.01; Multnomah County; Oregon,2023,"3,707",0,0,0,309,692,"1,311",1395
Census Tract 51.02; Multnomah County; Oregon,2023,"2,838",0,0,0,184,451,980,1223
Census Tract 51.03; Multnomah County; Oregon,2023,"3,082",96,0,47,1102,665,530,642
Census Tract 52.01; Multnomah County; Oregon,2023,"1,937",0,12,19,325,459,603,519
Census Tract 52.02; Multnomah County; Oregon,2023,"2,436",40,0,0,237,436,946,777
Census Tract 55; Multnomah County; Oregon,2023,"1,888",45,0,0,206,445,696,496
Census Tract 56.01; Multnomah County; Oregon,2023,"2,166",104,109,54,257,425,673,544
Census Tract 56.02; Multnomah County; Oregon,2023,871,0,0,40,206,332,165,128
Census Tract 57.01; Multnomah County; Oregon,2023,407,0,0,0,71,45,130,161
Census Tract 57.02; Multnomah County; Oregon,2023,"3,610",16,0,0,273,757,"1,256",1308
Census Tract 58; Multnomah County; Oregon,2023,"3,571",21,0,28,143,701,"1,276",1402
Census Tract 59.01; Multnomah County; Oregon,2023,"1,955",13,0,0,115,496,799,532
Census Tract 59.02; Multnomah County; Oregon,2023,"3,293",9,0,0,153,532,"1,035",1564
Census Tract 59.03; Multnomah County; Oregon,2023,"2,816",0,0,0,148,602,"1,202",864
Census Tract 60.01; Multnomah County; Oregon,2023,"1,212",0,0,0,46,186,561,419
Census Tract 60.02; Multnomah County; Oregon,2023,"1,689",0,0,0,171,287,727,504
Census Tract 61; Multnomah County; Oregon,2023,"1,817",0,0,0,50,141,809,817
Census Tract 62; Multnomah County; Oregon,2023,"2,481",1,0,6,135,452,"1,225",662
Census Tract 63; Multnomah County; Oregon,2023,"3,372",34,0,0,187,528,"1,460",1163
Census Tract 64.02; Multnomah County; Oregon,2023,"4,611",0,0,0,297,833,"1,804",1677
Census Tract 64.03; Multnomah County; Oregon,2023,"3,001",84,0,56,336,925,"1,061",539
Census Tract 64.04; Multnomah County; Oregon,2023,"2,734",0,0,0,274,792,951,717
Census Tract 65.01; Multnomah County; Oregon,2023,"4,448",0,0,0,371,1261,"1,779",1037
Census Tract 65.02; Multnomah County; Oregon,2023,"3,833",21,0,0,237,1374,"1,489",712
Census Tract 66.01; Multnomah County; Oregon,2023,"2,183",0,0,0,128,541,986,528
Census Tract 66.02; Multnomah County; Oregon,2023,"4,353",154,0,48,482,1128,"1,381",1160
Census Tract 67.01; Multnomah County; Oregon,2023,"2,365",0,0,0,243,357,"1,005",760
Census Tract 67.02; Multnomah County; Oregon,2023,"2,440",18,14,0,232,634,986,556
Census Tract 68.01; Multnomah County; Oregon,2023,"1,529",0,0,12,221,207,501,588
Census Tract 68.02; Multnomah County; Oregon,2023,"2,546",18,0,0,157,323,"1,020",1028
Census Tract 69; Multnomah County; Oregon,2023,"2,310",0,0,0,136,256,975,943
Census Tract 70.01; Multnomah County; Oregon,2023,"4,037",0,0,0,103,449,"1,688",1797
Census Tract 70.02; Multnomah County; Oregon,2023,"2,213",5,10,0,101,360,924,813
Census Tract 71; Multnomah County; Oregon,2023,"2,109",0,21,0,388,729,553,418
Census Tract 72.01; Multnomah County; Oregon,2023,"2,029",8,14,35,424,758,425,365
Census Tract 72.02; Multnomah County; Oregon,2023,"2,652",59,61,114,452,856,845,265
Census Tract 73; Multnomah County; Oregon,2023,"1,142",4,6,5,606,439,44,38
Census Tract 74; Multnomah County; Oregon,2023,"2,439",91,70,139,455,662,753,269
Census Tract 75; Multnomah County; Oregon,2023,"3,550",23,4,0,841,817,"1,089",776
Census Tract 76; Multnomah County; Oregon,2023,"2,527",55,114,136,369,629,823,401
Census Tract 77; Multnomah County; Oregon,2023,"1,688",43,0,62,458,435,572,118
Census Tract 78; Multnomah County; Oregon,2023,"1,521",34,1,34,472,416,415,149
Census Tract 79; Multnomah County; Oregon,2023,"3,216",92,48,122,968,938,738,310
Census Tract 80.01; Multnomah County; Oregon,2023,"2,460",128,0,24,894,585,660,169
Census Tract 80.02; Multnomah County; Oregon,2023,"2,388",100,0,70,727,799,514,178
Census Tract 81; Multnomah County; Oregon,2023,"5,834",93,10,128,2591,1500,"1,147",365
Census Tract 82.01; Multnomah County; Oregon,2023,"2,547",154,58,4,567,824,626,314
Census Tract 82.03; Multnomah County; Oregon,2023,"3,828",0,65,42,1221,1531,666,303
Census Tract 82.04; Multnomah County; Oregon,2023,"1,694",148,26,32,830,504,94,60
Census Tract 83.01; Multnomah County; Oregon,2023,"3,029",216,43,172,930,690,713,265
Census Tract 83.02; Multnomah County; Oregon,2023,"3,668",156,66,33,1172,1192,657,392
Census Tract 84; Multnomah County; Oregon,2023,"3,609",231,8,157,1178,1216,638,181
Census Tract 85; Multnomah County; Oregon,2023,"2,811",188,0,35,948,988,455,197
Census Tract 86; Multnomah County; Oregon,2023,"2,687",145,11,51,799,944,484,253
Census Tract 87; Multnomah County; Oregon,2023,"3,447",157,8,25,975,774,"1,020",488
Census Tract 88; Multnomah County; Oregon,2023,"3,141",124,0,21,917,953,709,417
Census Tract 89.02; Multnomah County; Oregon,2023,"3,124",86,39,14,1151,960,666,208
Census Tract 89.03; Multnomah County; Oregon,2023,"3,552",184,0,24,794,1260,634,656
Census Tract 89.04; Multnomah County; Oregon,2023,"3,354",151,148,70,954,922,773,336
Census Tract 90.01; Multnomah County; Oregon,2023,"3,528",61,0,54,1932,1021,342,118
Census Tract 90.02; Multnomah County; Oregon,2023,"3,008",103,55,24,1106,1241,381,98
Census Tract 91.01; Multnomah County; Oregon,2023,"4,155",272,88,166,1555,1286,658,130
Census Tract 91.02; Multnomah County; Oregon,2023,"4,573",244,52,82,1828,1390,539,438
Census Tract 92.02; Multnomah County; Oregon,2023,"4,078",105,146,114,1589,1472,390,262
Census Tract 92.03; Multnomah County; Oregon,2023,"2,342",113,177,37,668,540,464,343
Census Tract 92.04; Multnomah County; Oregon,2023,"3,135",189,0,12,1114,1101,585,134
Census Tract 93.01; Multnomah County; Oregon,2023,"4,119",87,0,111,1583,1520,647,171
Census Tract 93.02; Multnomah County; Oregon,2023,"3,715",113,0,0,986,1313,914,389
Census Tract 94; Multnomah County; Oregon,2023,"5,569",108,50,59,1259,2137,"1,358",598
Census Tract 95.01; Multnomah County; Oregon,2023,"3,275",165,19,23,1118,1068,599,283
Census Tract 95.02; Multnomah County; Oregon,2023,"2,672",96,0,26,806,775,670,299
Census Tract 96.03; Multnomah County; Oregon,2023,"2,518",99,7,70,1086,858,238,160
Census Tract 96.04; Multnomah County; Oregon,2023,"3,630",252,144,130,1219,1214,579,92
Census Tract 96.05; Multnomah County; Oregon,2023,"3,880",67,0,53,1566,1406,557,231
Census Tract 96.06; Multnomah County; Oregon,2023,"3,443",157,11,340,1445,887,391,212
Census Tract 97.01; Multnomah County; Oregon,2023,"2,968",86,4,27,1202,1109,196,344
Census Tract 97.03; Multnomah County; Oregon,2023,"3,663",115,0,282,1405,1242,400,219
Census Tract 97.04; Multnomah County; Oregon,2023,"2,631",15,16,372,1009,795,353,71
Census Tract 98.01; Multnomah County; Oregon,2023,"2,409",170,42,6,600,1083,330,178
Census Tract 98.03; Multnomah County; Oregon,2023,"4,779",262,158,75,1741,1681,671,191
Census Tract 98.04; Multnomah County; Oregon,2023,"2,321",292,0,126,776,756,230,141
Census Tract 99.03; Multnomah County; Oregon,2023,"6,178",152,0,82,1751,2381,"1,156",656
Census Tract 99.04; Multnomah County; Oregon,2023,"2,482",32,42,44,740,1077,292,255
Census Tract 99.05; Multnomah County; Oregon,2023,"2,366",0,0,31,638,1065,389,243
Census Tract 99.06; Multnomah County; Oregon,2023,"2,910",34,21,0,528,1058,945,324
Census Tract 99.07; Multnomah County; Oregon,2023,"3,896",65,33,43,1430,1175,510,640
Census Tract 100.01; Multnomah County; Oregon,2023,"4,306",77,0,143,1538,1431,602,515
Census Tract 100.02; Multnomah County; Oregon,2023,"4,041",76,0,37,1122,1677,793,336
Census Tract 101.01; Multnomah County; Oregon,2023,"2,745",5,106,115,730,1187,390,212
Census Tract 101.02; Multnomah County; Oregon,2023,"3,512",57,234,110,1014,1067,725,305
Census Tract 102; Multnomah County; Oregon,2023,"5,283",112,263,26,1482,2164,959,277
Census Tract 103.03; Multnomah County; Oregon,2023,"3,983",112,35,117,1304,1206,713,496
Census Tract 103.04; Multnomah County; Oregon,2023,"3,344",159,82,332,1358,931,283,199
Census Tract 103.05; Multnomah County; Oregon,2023,"2,484",91,11,10,668,1035,476,193
Census Tract 103.06; Multnomah County; Oregon,2023,"3,076",82,0,0,978,1162,705,149
Census Tract 104.02; Multnomah County; Oregon,2023,"4,078",87,83,58,1175,1572,738,365
Census Tract 104.05; Multnomah County; Oregon,2023,"3,968",57,60,0,1540,1571,412,328
Census Tract 104.07; Multnomah County; Oregon,2023,"4,030",34,0,65,1260,1750,626,295
Census Tract 104.08; Multnomah County; Oregon,2023,"4,591",47,40,312,1817,1452,777,146
Census Tract 104.10; Multnomah County; Oregon,2023,"3,190",35,0,94,1531,1052,223,255
Census Tract 104.11; Multnomah County; Oregon,2023,"2,656",38,0,0,1271,931,236,180
Census Tract 104.12; Multnomah County; Oregon,2023,"2,248",10,0,0,711,664,646,217
Census Tract 104.13; Multnomah County; Oregon,2023,"3,381",90,65,71,840,1285,540,490
Census Tract 105; Multnomah County; Oregon,2023,"2,970",14,0,6,767,896,915,372
Census Tract 106.01; Multnomah County; Oregon,2023,"1,274",26,0,2,108,503,272,363
Census Tract 106.02; Multnomah County; Oregon,2023,"1,917",0,0,0,557,823,385,152
Census Tract 9800; Multnomah County; Oregon,2023,0,0,0,0,0,0,0,0
