Label (Grouping),Year,Total:,No schooling completed,Nursery school,Kindergarten,1st grade,2nd grade,3rd grade,4th grade,5th grade,6th grade,7th grade,8th grade,9th grade,10th grade,11th grade,"12th grade, no diploma",Regular high school diploma,GED or alternative credential,"Some college, less than 1 year","Some college, 1 or more years, no degree",Associate's degree,Bachelor's degree,Master's degree,Professional school degree,Doctorate degree
"Census Tract 1.01, Multnomah County, Oregon!!Estimate",2021,"2,114",0,0,0,0,0,0,0,0,0,1,0,0,0,31,1,98,56,26,269,93,957,359,75,148
"Census Tract 1.02, Multnomah County, Oregon!!Estimate",2021,"2,805",0,0,0,0,0,0,0,0,0,0,0,0,0,23,53,183,59,139,193,129,"1,166",514,226,120
"Census Tract 2.01, Multnomah County, Oregon!!Estimate",2021,"2,515",43,0,0,0,0,0,0,0,0,0,0,0,0,106,17,421,24,30,491,89,811,286,129,68
"Census Tract 2.02, Multnomah County, Oregon!!Estimate",2021,"2,320",16,0,0,0,0,0,17,0,0,0,15,0,16,0,25,161,13,168,450,82,663,499,130,65
"Census Tract 3.01, Multnomah County, Oregon!!Estimate",2021,"3,738",0,0,0,0,0,0,0,0,0,16,15,0,3,42,36,535,121,206,524,306,"1,071",657,105,101
"Census Tract 3.02, Multnomah County, Oregon!!Estimate",2021,"5,331",61,0,0,0,0,0,0,0,0,0,0,8,11,18,0,173,99,140,611,243,"1,777","1,536",436,218
"Census Tract 4.01, Multnomah County, Oregon!!Estimate",2021,"2,628",7,0,0,0,0,10,0,0,10,0,0,0,0,9,0,280,101,128,385,157,819,466,164,92
"Census Tract 4.02, Multnomah County, Oregon!!Estimate",2021,"2,710",0,12,0,0,0,0,0,0,0,0,0,7,0,32,44,318,122,209,311,266,881,376,43,89
"Census Tract 5.01, Multnomah County, Oregon!!Estimate",2021,"3,166",27,0,0,0,0,0,0,18,0,26,95,9,31,38,15,372,116,193,400,180,"1,078",461,30,77
"Census Tract 5.02, Multnomah County, Oregon!!Estimate",2021,"3,813",137,0,0,0,0,17,0,0,0,45,11,4,14,20,16,384,150,347,717,242,"1,113",429,140,27
"Census Tract 6.01, Multnomah County, Oregon!!Estimate",2021,"4,083",97,0,0,0,0,0,15,25,60,0,19,40,40,74,128,913,166,233,662,335,871,342,46,17
"Census Tract 6.02, Multnomah County, Oregon!!Estimate",2021,"4,407",139,0,0,0,0,0,9,0,29,0,114,143,48,54,143,992,371,325,491,338,821,310,64,16
"Census Tract 7.01, Multnomah County, Oregon!!Estimate",2021,"3,757",41,0,0,0,0,28,0,0,0,0,25,8,8,19,116,325,100,112,651,391,"1,226",593,40,74
"Census Tract 7.02, Multnomah County, Oregon!!Estimate",2021,"4,727",238,0,0,0,0,0,0,24,0,0,0,23,15,49,56,569,317,278,601,500,"1,191",619,102,145
"Census Tract 8.01, Multnomah County, Oregon!!Estimate",2021,"3,964",36,0,0,0,0,0,0,16,0,0,0,0,10,16,0,297,145,217,738,281,"1,333",410,409,56
"Census Tract 8.02, Multnomah County, Oregon!!Estimate",2021,"3,729",16,0,0,0,0,0,0,0,33,48,15,113,0,65,0,419,56,239,706,243,"1,367",270,90,49
"Census Tract 9.01, Multnomah County, Oregon!!Estimate",2021,"3,315",7,0,0,0,0,0,0,0,0,0,0,0,0,0,0,158,42,58,393,288,"1,497",683,124,65
"Census Tract 9.02, Multnomah County, Oregon!!Estimate",2021,"4,218",114,0,0,0,21,27,0,8,0,0,105,25,17,122,40,465,63,300,879,208,"1,214",494,69,47
"Census Tract 10, Multnomah County, Oregon!!Estimate",2021,"4,666",91,0,0,0,0,0,0,0,0,0,54,10,0,52,187,297,16,125,948,211,"1,353",847,349,126
"Census Tract 11.01, Multnomah County, Oregon!!Estimate",2021,"2,589",9,0,0,0,0,0,0,0,3,0,0,26,27,11,12,272,86,164,513,137,939,304,72,14
"Census Tract 11.02, Multnomah County, Oregon!!Estimate",2021,"1,140",6,0,0,0,0,0,0,0,0,0,0,0,0,0,0,77,8,41,147,71,450,210,89,41
"Census Tract 12.02, Multnomah County, Oregon!!Estimate",2021,"2,844",0,0,0,0,0,0,0,0,0,0,0,0,1,0,0,409,17,113,425,75,943,629,148,84
"Census Tract 12.03, Multnomah County, Oregon!!Estimate",2021,"2,489",0,0,0,0,0,0,0,0,6,0,22,0,0,0,0,282,80,19,382,195,"1,158",290,43,12
"Census Tract 12.04, Multnomah County, Oregon!!Estimate",2021,"2,364",8,0,0,0,0,0,0,0,0,0,79,0,0,9,0,139,106,67,414,43,"1,030",274,14,181
"Census Tract 13.01, Multnomah County, Oregon!!Estimate",2021,"3,343",40,0,0,0,0,5,0,0,0,0,0,0,5,10,18,211,11,86,522,159,"1,510",509,154,103
"Census Tract 13.02, Multnomah County, Oregon!!Estimate",2021,"2,877",10,0,0,0,0,0,0,0,0,0,0,0,14,0,1,94,65,63,344,125,"1,199",649,219,94
"Census Tract 14, Multnomah County, Oregon!!Estimate",2021,"4,906",45,0,0,0,0,0,0,0,0,0,16,0,89,0,43,138,142,141,851,336,"1,932",948,85,140
"Census Tract 15, Multnomah County, Oregon!!Estimate",2021,"2,650",5,0,0,0,0,0,0,0,0,0,0,0,0,8,13,183,1,148,264,171,910,683,125,139
"Census Tract 16.01, Multnomah County, Oregon!!Estimate",2021,"4,396",22,0,0,0,0,10,0,0,0,6,30,42,38,54,128,588,107,225,598,132,"1,420",719,220,57
"Census Tract 16.02, Multnomah County, Oregon!!Estimate",2021,"3,758",81,0,0,0,11,25,0,0,0,0,0,5,44,17,58,645,105,251,478,269,"1,344",363,43,19
"Census Tract 17.02, Multnomah County, Oregon!!Estimate",2021,"2,847",72,0,24,0,0,0,0,0,17,0,6,69,42,0,23,361,51,139,458,349,888,235,74,39
"Census Tract 17.03, Multnomah County, Oregon!!Estimate",2021,"3,217",38,0,0,0,0,0,0,0,0,0,0,0,32,227,0,210,17,167,505,171,"1,118",574,75,83
"Census Tract 17.04, Multnomah County, Oregon!!Estimate",2021,"2,091",15,0,0,0,0,0,0,0,0,0,0,37,0,0,201,431,34,59,292,43,516,317,54,92
"Census Tract 18.01, Multnomah County, Oregon!!Estimate",2021,"3,748",38,3,0,0,24,0,0,3,0,0,0,61,35,19,92,495,135,251,544,128,"1,111",525,178,106
"Census Tract 18.02, Multnomah County, Oregon!!Estimate",2021,"2,861",0,0,0,0,0,0,0,0,10,11,0,36,0,0,25,222,62,91,452,262,"1,029",503,84,74
"Census Tract 19, Multnomah County, Oregon!!Estimate",2021,"3,604",9,0,0,0,0,0,0,8,0,0,4,5,9,16,14,169,83,115,377,131,"1,374",846,315,129
"Census Tract 20.01, Multnomah County, Oregon!!Estimate",2021,"2,105",13,0,0,0,0,0,0,0,0,0,0,0,0,0,11,115,94,53,151,119,"1,163",328,51,7
"Census Tract 20.02, Multnomah County, Oregon!!Estimate",2021,"2,979",5,0,0,0,0,0,0,0,0,0,0,0,27,165,19,141,41,107,453,201,"1,119",541,126,34
"Census Tract 21.01, Multnomah County, Oregon!!Estimate",2021,"1,463",0,0,0,0,0,0,0,0,0,0,20,0,2,20,20,116,23,30,193,0,709,320,0,10
"Census Tract 21.02, Multnomah County, Oregon!!Estimate",2021,"1,895",0,0,0,0,0,0,0,0,0,0,0,0,9,0,8,143,8,9,461,28,901,270,41,17
"Census Tract 22.03, Multnomah County, Oregon!!Estimate",2021,"3,695",10,0,0,0,0,0,0,0,0,0,22,0,0,17,12,350,85,79,368,165,"1,174","1,180",131,102
"Census Tract 23.03, Multnomah County, Oregon!!Estimate",2021,"3,171",9,10,0,0,0,0,0,0,0,0,0,24,0,39,25,314,80,152,588,189,"1,175",415,99,52
"Census Tract 24.01, Multnomah County, Oregon!!Estimate",2021,"2,332",0,0,0,0,0,0,0,0,0,0,15,0,0,48,13,196,8,60,168,67,807,617,184,149
"Census Tract 24.02, Multnomah County, Oregon!!Estimate",2021,"2,845",0,0,0,0,0,0,0,0,0,0,0,0,19,13,0,328,84,91,305,177,"1,240",333,127,128
"Census Tract 25.01, Multnomah County, Oregon!!Estimate",2021,"3,534",14,0,0,0,0,0,0,0,6,0,0,0,0,6,0,125,16,71,242,124,"1,366",905,476,183
"Census Tract 25.02, Multnomah County, Oregon!!Estimate",2021,"3,651",38,0,0,0,0,0,0,0,0,0,0,0,0,0,0,200,112,174,358,220,"1,555",666,272,56
"Census Tract 26, Multnomah County, Oregon!!Estimate",2021,"2,121",0,0,0,0,0,0,0,0,0,0,0,0,0,0,114,48,34,66,134,168,972,285,190,110
"Census Tract 27.01, Multnomah County, Oregon!!Estimate",2021,"2,166",0,0,0,0,0,0,0,0,0,0,0,0,0,0,11,111,37,28,282,44,869,560,153,71
"Census Tract 27.02, Multnomah County, Oregon!!Estimate",2021,"2,787",21,0,0,0,0,0,0,18,0,0,0,16,10,28,16,139,35,61,306,141,"1,248",475,169,104
"Census Tract 28.01, Multnomah County, Oregon!!Estimate",2021,"2,450",17,0,0,0,0,0,0,0,0,0,0,0,31,0,46,116,68,62,274,198,"1,062",408,141,27
"Census Tract 28.02, Multnomah County, Oregon!!Estimate",2021,"2,314",4,0,0,0,22,0,0,0,0,0,0,0,0,0,0,239,35,148,305,120,863,396,71,111
"Census Tract 29.01, Multnomah County, Oregon!!Estimate",2021,"3,932",62,0,0,0,0,0,0,12,0,0,0,0,38,0,27,485,84,176,643,333,"1,540",411,68,53
"Census Tract 29.02, Multnomah County, Oregon!!Estimate",2021,"4,877",120,0,0,0,0,0,0,0,0,0,114,36,0,0,36,490,66,226,812,381,"1,325",951,225,95
"Census Tract 29.03, Multnomah County, Oregon!!Estimate",2021,"3,354",116,0,0,0,0,0,48,0,0,0,0,26,0,82,0,550,158,272,605,418,695,303,51,30
"Census Tract 30, Multnomah County, Oregon!!Estimate",2021,"3,867",43,0,0,0,0,0,0,0,0,0,0,15,7,0,0,208,26,349,543,232,"1,414",633,279,118
"Census Tract 31, Multnomah County, Oregon!!Estimate",2021,"4,108",2,0,0,0,0,11,0,0,0,0,7,11,0,11,13,183,172,131,490,352,"1,445",839,305,136
"Census Tract 32, Multnomah County, Oregon!!Estimate",2021,"3,266",0,0,0,0,0,0,0,0,0,21,0,11,25,15,20,265,17,74,241,127,"1,269",763,288,130
"Census Tract 33.01, Multnomah County, Oregon!!Estimate",2021,"2,385",28,0,0,0,0,0,0,0,0,0,7,0,0,18,8,235,120,230,306,159,696,462,43,73
"Census Tract 33.02, Multnomah County, Oregon!!Estimate",2021,"2,947",0,0,0,0,0,0,0,0,0,0,0,56,0,19,23,684,44,186,395,103,766,486,151,34
"Census Tract 34.01, Multnomah County, Oregon!!Estimate",2021,"2,648",7,0,0,0,0,0,0,0,0,0,5,0,6,0,36,248,104,81,198,232,998,434,209,90
"Census Tract 34.02, Multnomah County, Oregon!!Estimate",2021,"3,639",0,0,0,0,0,0,0,0,0,26,1,1,23,1,49,217,41,120,271,194,"1,898",572,151,74
"Census Tract 35.01, Multnomah County, Oregon!!Estimate",2021,"2,828",33,0,0,0,0,0,0,0,0,0,16,0,6,8,0,277,79,142,378,83,"1,321",359,76,50
"Census Tract 35.02, Multnomah County, Oregon!!Estimate",2021,"2,597",10,0,0,0,0,0,0,0,0,0,0,0,0,4,97,451,51,51,237,92,"1,156",281,144,23
"Census Tract 36.01, Multnomah County, Oregon!!Estimate",2021,"3,539",25,0,0,0,0,0,0,0,0,0,0,7,0,11,45,241,42,281,435,285,"1,435",624,70,38
"Census Tract 36.02, Multnomah County, Oregon!!Estimate",2021,"4,947",53,0,0,0,0,1,0,0,1,54,0,0,21,7,52,441,76,192,939,255,"1,855",766,82,152
"Census Tract 36.03, Multnomah County, Oregon!!Estimate",2021,"1,398",71,0,0,0,0,6,0,8,0,7,0,0,18,36,6,186,37,47,180,58,509,158,65,6
"Census Tract 37.01, Multnomah County, Oregon!!Estimate",2021,"3,507",124,0,0,0,42,0,0,0,99,9,24,26,0,20,9,292,40,179,599,210,"1,177",502,95,60
"Census Tract 37.02, Multnomah County, Oregon!!Estimate",2021,"2,131",0,0,0,0,0,17,0,0,0,4,0,13,29,12,9,133,29,25,358,106,849,361,155,31
"Census Tract 38.01, Multnomah County, Oregon!!Estimate",2021,"2,237",19,0,0,0,0,0,0,0,0,0,0,0,0,16,29,220,41,76,448,233,724,360,30,41
"Census Tract 38.02, Multnomah County, Oregon!!Estimate",2021,"2,507",25,0,0,0,0,0,0,0,20,0,16,2,0,3,47,269,81,102,216,341,952,304,58,71
"Census Tract 38.03, Multnomah County, Oregon!!Estimate",2021,"3,250",6,0,0,0,11,0,0,0,0,0,0,0,0,0,38,289,26,130,411,219,"1,525",398,84,113
"Census Tract 39.02, Multnomah County, Oregon!!Estimate",2021,"2,872",0,0,0,0,0,4,0,5,4,4,21,6,9,0,8,309,69,189,396,139,"1,014",434,111,150
"Census Tract 39.03, Multnomah County, Oregon!!Estimate",2021,"3,049",0,0,0,0,0,21,0,0,16,0,0,31,124,0,38,439,174,111,446,115,924,452,158,0
"Census Tract 39.04, Multnomah County, Oregon!!Estimate",2021,"3,413",0,0,0,0,0,0,49,0,29,0,0,0,0,60,41,384,0,243,631,277,"1,162",475,48,14
"Census Tract 40.02, Multnomah County, Oregon!!Estimate",2021,"3,224",15,0,0,0,0,0,0,0,16,0,0,0,9,0,25,348,154,213,411,222,"1,023",629,65,94
"Census Tract 40.03, Multnomah County, Oregon!!Estimate",2021,"4,817",158,0,0,0,0,35,30,32,74,0,24,53,218,218,102,829,157,226,"1,032",212,962,415,15,25
"Census Tract 41.02, Multnomah County, Oregon!!Estimate",2021,"4,107",67,0,0,0,0,0,0,0,15,0,25,0,20,0,108,537,319,200,471,217,"1,416",623,53,36
"Census Tract 41.03, Multnomah County, Oregon!!Estimate",2021,"3,200",20,0,0,0,0,0,0,21,12,0,0,16,26,33,33,505,32,283,298,300,"1,114",386,37,84
"Census Tract 41.04, Multnomah County, Oregon!!Estimate",2021,"2,111",35,0,0,0,0,62,0,64,54,0,0,66,0,9,5,319,122,122,528,117,398,151,59,0
"Census Tract 42, Multnomah County, Oregon!!Estimate",2021,"3,548",14,0,0,0,0,0,0,0,26,0,11,21,9,0,11,416,215,237,540,281,"1,287",295,52,133
"Census Tract 43, Multnomah County, Oregon!!Estimate",2021,824,6,0,0,0,0,0,0,0,0,0,0,0,0,0,14,133,5,53,60,36,279,174,49,15
"Census Tract 45, Multnomah County, Oregon!!Estimate",2021,"2,511",38,0,0,0,0,0,0,0,0,0,0,19,0,0,19,74,10,84,325,85,878,511,350,118
"Census Tract 46.01, Multnomah County, Oregon!!Estimate",2021,"2,788",19,0,0,0,0,0,0,0,0,0,0,35,0,0,0,69,31,71,142,80,984,600,563,194
"Census Tract 46.02, Multnomah County, Oregon!!Estimate",2021,"1,550",0,0,0,0,0,0,0,3,0,0,0,8,0,0,0,33,17,23,128,65,583,346,228,116
"Census Tract 47, Multnomah County, Oregon!!Estimate",2021,"3,361",0,0,0,0,0,0,0,20,0,6,12,0,97,0,46,279,37,75,348,63,"1,363",640,209,166
"Census Tract 48, Multnomah County, Oregon!!Estimate",2021,"2,207",1,0,0,0,0,0,0,0,0,0,11,6,0,0,0,223,19,55,381,112,905,286,109,99
"Census Tract 49.01, Multnomah County, Oregon!!Estimate",2021,"2,595",0,0,0,0,0,0,0,0,0,0,1,0,0,0,0,84,17,213,262,67,"1,295",451,171,34
"Census Tract 49.02, Multnomah County, Oregon!!Estimate",2021,"1,857",0,0,0,0,0,0,0,0,0,0,0,0,0,0,0,198,18,173,195,152,712,274,113,22
"Census Tract 50.01, Multnomah County, Oregon!!Estimate",2021,"2,825",0,0,0,0,0,0,0,0,0,0,22,0,0,0,0,143,35,27,193,115,"1,262",561,291,176
"Census Tract 50.02, Multnomah County, Oregon!!Estimate",2021,846,0,0,0,0,0,0,0,0,0,0,0,0,0,0,0,0,0,39,91,100,389,128,25,74
"Census Tract 51.01, Multnomah County, Oregon!!Estimate",2021,"3,145",0,0,0,0,0,0,0,0,0,0,0,0,0,0,0,188,201,57,334,265,985,331,568,216
"Census Tract 51.02, Multnomah County, Oregon!!Estimate",2021,"2,654",0,0,0,0,0,0,0,0,0,0,0,0,0,0,0,238,1,0,320,20,911,791,281,92
"Census Tract 51.03, Multnomah County, Oregon!!Estimate",2021,"2,214",0,0,0,0,0,0,0,0,22,0,0,188,156,73,42,344,175,143,328,46,385,284,28,0
"Census Tract 52.01, Multnomah County, Oregon!!Estimate",2021,"1,682",0,0,0,0,0,0,4,12,0,0,12,5,6,32,0,89,107,102,308,233,457,261,54,0
"Census Tract 52.02, Multnomah County, Oregon!!Estimate",2021,"2,320",14,0,0,0,0,0,0,0,0,0,0,0,0,0,0,122,61,0,112,57,"1,189",589,80,96
"Census Tract 55, Multnomah County, Oregon!!Estimate",2021,"2,040",50,0,0,0,0,0,0,0,0,0,9,65,17,10,20,109,77,80,238,132,720,305,154,54
"Census Tract 56.01, Multnomah County, Oregon!!Estimate",2021,"2,234",66,0,0,108,0,0,0,0,16,0,37,0,14,8,0,198,16,111,261,86,737,327,109,140
"Census Tract 56.02, Multnomah County, Oregon!!Estimate",2021,846,30,0,0,0,0,0,0,0,38,0,0,0,0,0,0,68,138,45,141,79,227,80,0,0
"Census Tract 57.01, Multnomah County, Oregon!!Estimate",2021,361,0,0,0,0,0,0,0,0,0,0,0,0,0,0,0,45,20,0,39,14,154,19,19,51
"Census Tract 57.02, Multnomah County, Oregon!!Estimate",2021,"3,138",0,0,0,0,0,0,0,33,0,0,21,0,0,22,17,72,63,95,545,75,"1,269",587,169,170
"Census Tract 58, Multnomah County, Oregon!!Estimate",2021,"3,625",15,0,0,0,0,0,0,0,0,0,25,0,0,1,0,122,23,122,373,261,"1,241",657,430,355
"Census Tract 59.01, Multnomah County, Oregon!!Estimate",2021,"2,199",0,0,0,0,0,0,0,0,0,0,22,0,0,0,0,38,0,7,449,93,"1,042",359,102,87
"Census Tract 59.02, Multnomah County, Oregon!!Estimate",2021,"2,914",0,0,0,0,0,0,0,0,0,0,0,0,0,0,1,50,18,78,205,58,"1,029",732,547,196
"Census Tract 59.03, Multnomah County, Oregon!!Estimate",2021,"2,723",0,0,0,0,0,0,0,0,0,0,0,0,0,0,0,97,0,54,320,146,"1,176",572,318,40
"Census Tract 60.01, Multnomah County, Oregon!!Estimate",2021,"1,194",0,0,0,0,0,0,0,0,0,0,0,1,0,1,0,19,12,23,120,8,567,223,156,64
"Census Tract 60.02, Multnomah County, Oregon!!Estimate",2021,"1,818",0,0,0,0,0,0,0,0,0,0,0,0,0,18,0,159,16,76,124,99,710,350,159,107
"Census Tract 61, Multnomah County, Oregon!!Estimate",2021,"2,023",8,0,0,0,0,0,0,0,0,6,0,0,31,0,0,132,28,0,164,31,824,536,202,61
"Census Tract 62, Multnomah County, Oregon!!Estimate",2021,"2,522",0,1,0,0,0,0,0,0,2,0,0,0,0,1,0,161,14,89,201,205,"1,098",438,192,120
"Census Tract 63, Multnomah County, Oregon!!Estimate",2021,"3,391",14,0,0,0,0,0,0,0,0,0,0,8,0,17,6,155,8,82,439,93,"1,393",566,529,81
"Census Tract 64.02, Multnomah County, Oregon!!Estimate",2021,"4,687",0,0,0,0,0,33,0,0,0,0,0,0,0,5,15,269,0,189,441,159,"1,745",944,615,272
"Census Tract 64.03, Multnomah County, Oregon!!Estimate",2021,"3,202",49,0,0,0,0,0,0,0,0,2,144,0,12,34,45,248,105,251,404,283,"1,119",330,152,24
"Census Tract 64.04, Multnomah County, Oregon!!Estimate",2021,"2,781",8,0,0,0,0,0,0,0,0,0,0,0,8,33,13,244,44,110,396,248,862,456,265,94
"Census Tract 65.01, Multnomah County, Oregon!!Estimate",2021,"4,431",0,0,0,0,0,0,0,0,0,0,24,0,63,0,11,457,33,254,615,242,"1,577",743,293,119
"Census Tract 65.02, Multnomah County, Oregon!!Estimate",2021,"3,814",0,0,0,0,0,0,0,0,1,0,0,20,0,75,0,275,15,65,771,251,"1,519",586,136,100
"Census Tract 66.01, Multnomah County, Oregon!!Estimate",2021,"2,233",0,0,0,0,0,0,0,0,0,0,0,4,0,0,4,129,27,65,323,111,921,334,163,152
"Census Tract 66.02, Multnomah County, Oregon!!Estimate",2021,"4,266",0,0,0,0,0,0,0,0,21,0,30,0,0,0,34,259,42,101,596,237,"1,522","1,033",222,169
"Census Tract 67.01, Multnomah County, Oregon!!Estimate",2021,"2,344",5,0,0,0,0,0,0,0,0,0,0,0,9,0,7,225,19,112,184,141,"1,000",457,102,83
"Census Tract 67.02, Multnomah County, Oregon!!Estimate",2021,"2,547",8,0,0,0,0,0,0,0,0,0,91,0,0,7,9,218,62,115,324,76,965,379,197,96
"Census Tract 68.01, Multnomah County, Oregon!!Estimate",2021,"1,591",0,0,0,0,0,0,0,0,1,0,9,0,39,7,14,162,35,75,147,27,508,372,119,76
"Census Tract 68.02, Multnomah County, Oregon!!Estimate",2021,"2,766",80,0,0,0,0,0,0,0,3,0,0,0,0,0,34,132,8,50,311,167,975,505,307,194
"Census Tract 69, Multnomah County, Oregon!!Estimate",2021,"1,976",0,0,0,0,0,0,0,0,0,0,0,0,0,0,0,125,20,8,247,49,771,428,264,64
"Census Tract 70.01, Multnomah County, Oregon!!Estimate",2021,"3,928",0,0,0,0,0,0,0,0,0,0,0,0,0,0,0,132,29,60,304,131,"1,511",982,565,214
"Census Tract 70.02, Multnomah County, Oregon!!Estimate",2021,"2,145",5,0,0,0,0,0,0,0,0,0,0,0,0,0,0,71,0,98,122,100,836,664,205,44
"Census Tract 71, Multnomah County, Oregon!!Estimate",2021,"1,782",0,0,0,0,0,0,18,0,0,0,0,0,28,8,59,198,21,78,470,106,504,220,46,26
"Census Tract 72.01, Multnomah County, Oregon!!Estimate",2021,"2,096",24,0,0,0,0,0,14,0,0,0,10,0,35,54,36,369,66,197,378,214,343,251,51,54
"Census Tract 72.02, Multnomah County, Oregon!!Estimate",2021,"2,495",49,0,0,0,0,0,58,0,108,0,15,0,0,13,39,226,48,77,541,289,788,144,50,50
"Census Tract 73, Multnomah County, Oregon!!Estimate",2021,934,7,0,0,0,0,0,0,4,4,10,17,21,41,50,12,140,159,203,195,46,15,5,5,0
"Census Tract 74, Multnomah County, Oregon!!Estimate",2021,"2,332",39,0,0,0,0,16,0,50,56,0,42,50,11,17,45,258,66,133,377,214,586,276,45,51
"Census Tract 75, Multnomah County, Oregon!!Estimate",2021,"3,614",39,0,0,0,0,0,0,5,0,0,28,4,16,16,57,588,153,124,562,220,"1,199",398,101,104
"Census Tract 76, Multnomah County, Oregon!!Estimate",2021,"2,501",81,0,0,0,0,0,0,0,115,0,19,65,5,22,135,363,128,96,376,157,710,175,40,14
"Census Tract 77, Multnomah County, Oregon!!Estimate",2021,"1,759",8,0,0,0,0,0,0,0,16,22,2,7,15,41,36,403,60,76,246,201,467,114,5,40
"Census Tract 78, Multnomah County, Oregon!!Estimate",2021,"1,571",18,16,0,0,1,0,0,0,43,7,0,6,32,32,30,398,73,124,235,152,265,89,36,14
"Census Tract 79, Multnomah County, Oregon!!Estimate",2021,"3,152",127,0,0,0,0,0,0,0,36,36,37,41,50,24,140,651,52,207,593,228,618,227,75,10
"Census Tract 80.01, Multnomah County, Oregon!!Estimate",2021,"2,388",75,0,0,0,0,0,0,0,0,0,24,5,45,40,76,450,96,189,352,288,583,131,12,22
"Census Tract 80.02, Multnomah County, Oregon!!Estimate",2021,"2,494",45,0,0,0,0,0,0,0,71,15,0,112,4,19,0,661,16,133,582,200,456,164,6,10
"Census Tract 81, Multnomah County, Oregon!!Estimate",2021,"6,073",120,6,0,0,0,0,0,59,78,0,31,90,47,117,103,"1,833",475,250,552,637,"1,199",387,4,85
"Census Tract 82.01, Multnomah County, Oregon!!Estimate",2021,"2,448",140,0,0,0,0,8,0,19,33,10,10,24,35,25,61,289,105,114,449,124,628,311,63,0
"Census Tract 82.03, Multnomah County, Oregon!!Estimate",2021,"4,202",0,0,0,0,0,13,50,62,0,73,0,39,48,15,124,"1,233",200,249,759,443,634,191,54,15
"Census Tract 82.04, Multnomah County, Oregon!!Estimate",2021,"1,857",47,84,0,0,0,0,0,22,233,0,31,80,8,55,159,491,4,75,220,216,53,79,0,0
"Census Tract 83.01, Multnomah County, Oregon!!Estimate",2021,"2,884",206,0,0,15,17,28,0,0,11,10,51,45,21,17,128,511,87,106,484,284,605,163,44,51
"Census Tract 83.02, Multnomah County, Oregon!!Estimate",2021,"3,531",149,0,0,0,0,0,9,81,33,0,16,44,129,112,61,693,218,175,560,442,511,264,3,31
"Census Tract 84, Multnomah County, Oregon!!Estimate",2021,"3,183",189,0,0,0,0,0,0,7,55,0,99,57,27,79,98,584,148,545,383,225,560,121,0,6
"Census Tract 85, Multnomah County, Oregon!!Estimate",2021,"3,045",194,0,9,0,0,0,0,0,14,12,0,78,38,131,102,642,139,288,444,291,469,136,30,28
"Census Tract 86, Multnomah County, Oregon!!Estimate",2021,"3,064",99,0,0,0,0,0,10,16,0,76,13,0,8,79,169,595,199,327,443,293,508,117,22,90
"Census Tract 87, Multnomah County, Oregon!!Estimate",2021,"3,755",138,0,0,19,9,0,0,38,0,0,17,84,30,68,41,649,457,210,484,177,861,347,12,114
"Census Tract 88, Multnomah County, Oregon!!Estimate",2021,"3,151",41,0,0,0,0,0,5,0,44,3,12,81,36,28,5,616,133,233,483,336,695,252,105,43
"Census Tract 89.02, Multnomah County, Oregon!!Estimate",2021,"3,185",29,0,0,0,0,0,68,0,0,0,0,0,47,51,129,682,230,225,458,424,638,164,9,31
"Census Tract 89.03, Multnomah County, Oregon!!Estimate",2021,"3,439",50,0,0,0,0,24,0,11,0,0,19,39,41,37,25,539,72,241,623,400,582,507,203,26
"Census Tract 89.04, Multnomah County, Oregon!!Estimate",2021,"3,649",59,0,0,0,18,75,0,4,0,0,100,48,153,1,49,793,128,306,528,376,703,226,82,0
"Census Tract 90.01, Multnomah County, Oregon!!Estimate",2021,"3,913",0,0,0,0,0,0,0,0,46,0,12,19,72,0,318,"1,117",278,279,668,474,386,244,0,0
"Census Tract 90.02, Multnomah County, Oregon!!Estimate",2021,"3,027",29,0,0,67,0,0,0,0,110,0,0,52,6,84,167,446,269,412,365,480,319,139,72,10
"Census Tract 91.01, Multnomah County, Oregon!!Estimate",2021,"3,987",137,0,0,0,51,15,0,0,81,86,4,62,65,146,95,"1,005",213,493,478,492,506,58,0,0
"Census Tract 91.02, Multnomah County, Oregon!!Estimate",2021,"4,303",40,0,0,0,0,17,30,8,44,38,62,0,44,16,36,"1,487",171,404,667,342,491,159,237,10
"Census Tract 92.02, Multnomah County, Oregon!!Estimate",2021,"4,241",163,0,0,29,0,0,0,122,77,0,45,103,56,104,128,664,428,181,689,701,481,229,20,21
"Census Tract 92.03, Multnomah County, Oregon!!Estimate",2021,"2,286",55,0,0,46,0,0,35,0,0,0,44,32,0,30,96,624,63,180,279,172,334,280,16,0
"Census Tract 92.04, Multnomah County, Oregon!!Estimate",2021,"3,003",122,0,0,0,16,0,0,0,9,21,0,4,18,54,103,436,443,202,599,357,526,93,0,0
"Census Tract 93.01, Multnomah County, Oregon!!Estimate",2021,"4,475",139,0,0,0,0,16,6,0,189,1,0,60,20,47,112,904,76,496,"1,028",446,674,193,59,9
"Census Tract 93.02, Multnomah County, Oregon!!Estimate",2021,"3,714",88,0,0,0,0,0,0,0,0,0,0,0,51,19,163,672,241,449,577,315,842,206,29,62
"Census Tract 94, Multnomah County, Oregon!!Estimate",2021,"5,370",77,0,0,34,29,0,0,0,33,0,18,47,65,52,181,724,133,799,795,430,"1,457",351,117,28
"Census Tract 95.01, Multnomah County, Oregon!!Estimate",2021,"3,353",156,0,0,0,0,0,0,0,0,25,42,0,18,9,141,776,96,307,553,305,675,192,52,6
"Census Tract 95.02, Multnomah County, Oregon!!Estimate",2021,"2,828",71,0,0,0,0,0,0,0,1,26,0,0,52,49,74,593,65,137,349,273,694,320,87,37
"Census Tract 96.03, Multnomah County, Oregon!!Estimate",2021,"2,397",124,0,0,0,0,13,0,21,11,0,26,15,40,39,95,579,119,292,437,273,196,110,7,0
"Census Tract 96.04, Multnomah County, Oregon!!Estimate",2021,"3,663",274,0,0,0,89,12,36,19,87,0,26,95,67,51,30,735,163,419,714,259,443,122,7,15
"Census Tract 96.05, Multnomah County, Oregon!!Estimate",2021,"4,256",45,0,0,0,0,0,0,0,0,0,192,313,83,1,191,857,109,494,785,249,657,246,0,34
"Census Tract 96.06, Multnomah County, Oregon!!Estimate",2021,"3,682",153,0,0,0,0,0,0,50,213,8,99,64,71,0,57,"1,076",221,196,771,171,307,180,41,4
"Census Tract 97.01, Multnomah County, Oregon!!Estimate",2021,"3,192",97,0,0,0,0,0,0,17,9,76,24,7,81,21,43,762,231,303,536,494,255,236,0,0
"Census Tract 97.03, Multnomah County, Oregon!!Estimate",2021,"3,558",78,0,0,0,0,0,50,0,85,0,262,0,27,150,72,694,214,133,672,463,384,250,12,12
"Census Tract 97.04, Multnomah County, Oregon!!Estimate",2021,"2,812",0,0,0,0,0,0,0,0,92,183,59,230,64,163,28,479,130,159,577,271,318,37,0,22
"Census Tract 98.01, Multnomah County, Oregon!!Estimate",2021,"2,438",107,0,0,0,7,0,0,23,24,70,0,54,90,60,68,695,48,217,382,257,261,42,6,27
"Census Tract 98.03, Multnomah County, Oregon!!Estimate",2021,"5,136",82,0,0,53,93,0,0,26,101,0,7,34,13,66,265,"1,120",334,273,934,600,802,261,32,40
"Census Tract 98.04, Multnomah County, Oregon!!Estimate",2021,"2,480",211,0,0,0,0,0,0,0,127,0,0,98,79,5,125,479,38,139,532,136,407,43,19,42
"Census Tract 99.03, Multnomah County, Oregon!!Estimate",2021,"5,327",84,42,0,0,0,0,0,0,78,0,49,0,37,48,199,854,142,431,"1,040",543,"1,026",612,70,72
"Census Tract 99.04, Multnomah County, Oregon!!Estimate",2021,"2,543",23,0,0,0,29,0,0,15,17,0,46,0,12,0,80,581,57,255,559,266,444,127,32,0
"Census Tract 99.05, Multnomah County, Oregon!!Estimate",2021,"2,233",0,0,0,0,0,0,0,0,0,0,13,31,26,46,90,439,64,172,277,428,398,184,57,8
"Census Tract 99.06, Multnomah County, Oregon!!Estimate",2021,"2,990",38,0,0,0,0,0,0,0,0,0,0,0,30,27,24,477,59,190,628,225,959,255,41,37
"Census Tract 99.07, Multnomah County, Oregon!!Estimate",2021,"4,043",51,0,0,0,32,0,9,0,22,0,32,76,26,57,83,845,311,426,548,359,699,325,84,58
"Census Tract 100.01, Multnomah County, Oregon!!Estimate",2021,"4,407",61,0,0,0,0,0,28,0,74,35,0,65,236,39,58,972,311,387,660,311,700,407,43,20
"Census Tract 100.02, Multnomah County, Oregon!!Estimate",2021,"3,938",66,0,0,0,0,0,0,0,7,4,0,0,82,28,36,642,232,186,"1,015",453,849,212,97,29
"Census Tract 101.01, Multnomah County, Oregon!!Estimate",2021,"2,874",10,0,0,0,33,0,0,57,83,0,0,109,17,28,39,674,312,289,457,271,342,153,0,0
"Census Tract 101.02, Multnomah County, Oregon!!Estimate",2021,"3,154",0,0,0,109,0,24,0,0,0,0,0,0,40,114,65,659,89,175,487,564,490,223,56,59
"Census Tract 102, Multnomah County, Oregon!!Estimate",2021,"5,454",81,0,0,0,0,47,39,0,45,0,80,137,98,77,103,"1,118",311,762,999,415,888,210,24,20
"Census Tract 103.03, Multnomah County, Oregon!!Estimate",2021,"3,752",52,0,0,0,0,0,35,0,23,0,83,66,1,88,60,836,264,292,523,423,603,374,17,12
"Census Tract 103.04, Multnomah County, Oregon!!Estimate",2021,"3,168",62,0,0,30,0,45,19,33,126,0,67,112,72,60,65,830,235,243,530,205,230,122,82,0
"Census Tract 103.05, Multnomah County, Oregon!!Estimate",2021,"2,374",64,5,0,0,0,15,0,0,0,0,0,10,21,21,23,531,119,192,500,339,388,125,6,15
"Census Tract 103.06, Multnomah County, Oregon!!Estimate",2021,"3,222",86,0,0,0,0,0,0,0,0,0,0,22,32,7,89,750,109,358,479,393,726,141,9,21
"Census Tract 104.02, Multnomah County, Oregon!!Estimate",2021,"4,282",41,53,0,0,0,0,0,64,60,0,8,0,27,31,39,896,213,425,694,553,849,235,64,30
"Census Tract 104.05, Multnomah County, Oregon!!Estimate",2021,"4,353",12,0,0,0,0,0,45,0,0,0,0,22,37,0,206,"1,164",152,418,682,585,692,183,119,36
"Census Tract 104.07, Multnomah County, Oregon!!Estimate",2021,"3,878",32,7,0,0,0,0,0,0,101,0,19,15,20,31,33,801,231,381,906,420,475,330,55,21
"Census Tract 104.08, Multnomah County, Oregon!!Estimate",2021,"4,320",54,0,0,0,39,0,0,0,42,0,105,75,97,188,242,"1,075",131,448,473,528,747,54,15,7
"Census Tract 104.10, Multnomah County, Oregon!!Estimate",2021,"3,117",0,0,0,0,0,0,0,0,0,0,34,83,138,14,75,828,327,202,489,325,422,171,0,9
"Census Tract 104.11, Multnomah County, Oregon!!Estimate",2021,"2,298",53,0,0,0,0,6,7,0,7,0,10,71,74,22,32,635,166,300,298,340,205,59,13,0
"Census Tract 104.12, Multnomah County, Oregon!!Estimate",2021,"2,169",10,0,0,0,0,0,0,0,0,0,0,13,0,33,21,538,133,300,321,186,524,76,14,0
"Census Tract 104.13, Multnomah County, Oregon!!Estimate",2021,"3,448",31,0,0,0,0,0,0,0,118,0,0,0,0,0,78,646,130,456,666,317,480,418,68,40
"Census Tract 105, Multnomah County, Oregon!!Estimate",2021,"2,763",33,1,0,0,0,0,0,0,8,0,0,6,25,57,58,378,71,166,394,353,877,242,31,63
"Census Tract 106.01, Multnomah County, Oregon!!Estimate",2021,"1,349",21,0,0,0,0,0,15,0,0,0,51,33,11,0,0,176,53,86,349,131,169,148,63,43
"Census Tract 106.02, Multnomah County, Oregon!!Estimate",2021,"1,871",15,0,0,0,0,18,0,0,26,0,11,24,31,56,0,235,174,268,612,39,270,36,15,41
"Census Tract 9800, Multnomah County, Oregon!!Estimate",2021,0,0,0,0,0,0,0,0,0,0,0,0,0,0,0,0,0,0,0,0,0,0,0,0,0
